CLUSTERS,UNIT_ID,CITY,STATE,DIV,LAT,LNG,IMPUTED_FLAG,ANNUAL_REVENUE,STORE_SIZE_SQFT,STORE_FORMAT,OPENING_DATE,MEDIAN_HOUSEHOLD_INCOME,POPULATION_5MI,COMPETITORS_5MI,CUSTOMER_SATISFACTION,EMPLOYEE_COUNT,REVENUE_PER_SQFT,LAST_REMODEL,OPENING_TIME,CLOSING_TIME,PARKING_SPACES
4,700000,PARADISE,NV,4,36.087200,-115.135500,Y,4336092.520000,5000,STANDARD,2012-03-30,87687.498733,41759,1,6.729379,9,867.220000,,08:00,19:00,26
5,700001,TAMPA,FL,3,27.994500,-82.444700,Y,18980669.400000,10000,STANDARD,2008-08-22,62731.976739,35168,5,6.828277,16,1898.070000,,09:00,20:00,42
5,700002,CONCORD,NC,3,35.393300,-80.636900,Y,3229112.520000,2500,STANDARD,2006-08-03,59791.840065,33540,0,5.477259,5,1291.650000,2014-10-24,06:00,19:00,12
2,700003,BAKER CITY,OR,4,44.774900,-117.832000,Y,2692557.090000,2500,STANDARD,2014-06-02,96209.321764,42079,1,7.133796,4,1077.020000,,06:00,21:00,10
4,700004,PHOENIX,AZ,4,33.572200,-112.089200,Y,13416809.880000,5000,STANDARD,2005-02-15,54719.849025,28391,2,6.052153,8,2683.360000,,09:00,19:00,27
5,700005,CHICAGO,IL,1,41.837500,-87.686600,N,15179076.030000,5000,STANDARD,2007-09-08,70806.165106,19483,2,6.085749,10,3035.820000,2013-12-13,08:00,19:00,25
1,700006,LORAIN,OH,1,41.440900,-82.184000,Y,3761325.850000,3500,STANDARD,2006-04-17,67161.447474,48297,1,8.019949,6,1074.660000,2012-12-30,09:00,19:00,18
3,700007,ALBUQUERQUE,NM,4,35.105400,-106.646500,N,7220638.050000,5000,STANDARD,2014-03-08,38672.008029,25214,3,7.552941,8,1444.130000,2017-02-11,06:00,20:00,25
1,700008,MANHATTAN,NY,2,40.783400,-73.966200,Y,13174538.370000,7500,STANDARD,2011-01-27,83173.057093,56652,1,7.881079,13,1756.610000,,07:00,19:00,36
3,700009,HOUSTON,TX,4,29.786000,-95.388500,Y,6948946.460000,7500,OUTLET,2016-12-31,68826.637156,47171,2,7.304648,16,926.530000,,09:00,22:00,36
5,700010,DANIA BEACH,FL,3,26.059300,-80.163700,Y,1447319.690000,2500,STANDARD,2016-01-09,58910.893112,50164,3,5.485976,4,578.930000,2018-10-11,09:00,21:00,10
4,700011,SAN FRANCISCO,CA,4,37.755800,-122.444900,Y,17829480.540000,5000,STANDARD,2007-10-18,74996.738005,102884,1,7.219850,11,3565.900000,,06:00,21:00,27
5,700012,ATHENS,GA,3,33.950800,-83.368900,Y,5563707.050000,5000,STANDARD,2016-09-14,40049.006591,39600,4,6.319542,10,1112.740000,2025-10-25,09:00,21:00,25
3,700013,ARVADA,CO,4,39.832000,-105.151000,Y,2275717.400000,5000,EXPRESS,2023-09-05,53787.153140,31697,4,6.925499,8,455.140000,,07:00,19:00,22
1,700014,NEW YORK,NY,2,40.694300,-73.924900,Y,6631635.020000,10000,OUTLET,2015-07-16,61073.387162,77188,7,9.006183,20,663.160000,2018-02-12,08:00,19:00,47
1,700015,BRONX,NY,2,40.850100,-73.866200,Y,18135565.720000,5000,STANDARD,2009-09-22,104408.382727,81127,7,7.751695,10,3627.110000,,06:00,22:00,28
3,700016,LAREDO,TX,4,27.562500,-99.487400,Y,5159636.270000,3500,OUTLET,2012-12-18,58632.147264,73495,0,7.958114,7,1474.180000,,07:00,21:00,18
4,700017,SAN MATEO,CA,4,37.552200,-122.312100,Y,4240844.580000,5000,EXPRESS,2018-06-28,64308.702054,16120,4,7.193317,11,848.170000,,06:00,21:00,24
5,700018,PEACHTREE CORNERS,GA,3,33.967000,-84.232000,Y,1562673.650000,3500,STANDARD,2018-09-23,47338.698607,32364,2,6.132191,7,446.480000,,06:00,20:00,15
5,700019,MARYVILLE,TN,3,35.746800,-83.978900,Y,1366863.630000,5000,EXPRESS,2016-05-29,45687.723766,48878,0,6.481862,10,273.370000,,06:00,22:00,25
1,700020,PITTSBURGH,PA,2,40.439700,-79.976300,Y,14928998.720000,7500,STANDARD,2009-06-19,72678.261198,41335,2,7.957754,15,1990.530000,2014-05-08,09:00,22:00,38
1,700021,MINEOLA,NY,2,40.747000,-73.639400,N,1659845.090000,2500,OUTLET,2005-09-05,92536.236640,85418,0,8.236435,4,663.940000,2009-07-13,08:00,19:00,15
1,700022,QUEENS,NY,2,40.749800,-73.797600,Y,8591380.970000,10000,STANDARD,2006-12-15,105600.963949,24559,7,8.367590,16,859.140000,2010-10-09,06:00,21:00,51
3,700023,BROKEN ARROW,OK,4,36.038000,-95.780600,Y,1968340.050000,2500,STANDARD,2021-05-10,47374.088572,27468,3,7.569054,4,787.340000,,07:00,19:00,11
4,700024,TUSTIN,CA,4,33.731100,-117.810700,Y,2722154.800000,5000,STANDARD,2006-12-23,66123.987823,27625,4,6.616409,9,544.430000,,07:00,19:00,23
5,700025,NAVARRE,FL,3,30.417400,-86.890700,Y,2812772.740000,5000,OUTLET,2005-04-03,67643.491961,54448,1,6.579916,9,562.550000,2008-04-15,08:00,22:00,24
3,700026,MARSHALL,TX,4,32.537000,-94.351500,Y,3180042.530000,5000,STANDARD,2020-11-26,87355.760635,34016,1,6.937879,11,636.010000,2024-04-12,08:00,19:00,29
1,700027,MEBANE,NC,3,36.085200,-79.273600,Y,2432365.590000,2500,OUTLET,2022-07-23,61638.065720,32484,3,8.112520,5,972.950000,2027-03-24,08:00,21:00,9
1,700028,BALTIMORE,MD,3,39.305100,-76.614400,Y,8520055.690000,10000,STANDARD,2009-10-13,72052.834856,22745,7,8.189148,21,852.010000,2017-05-05,08:00,22:00,52
5,700029,MOBILE,AL,3,30.678200,-88.116200,Y,3809338.340000,3500,STANDARD,2006-02-16,49735.403547,69656,2,5.594740,5,1088.380000,2011-06-21,06:00,21:00,18
4,700030,FRESNO,CA,4,36.783000,-119.793900,Y,5192005.900000,7500,EXPRESS,2010-12-22,47329.535612,37591,1,6.774808,14,692.270000,2016-10-05,08:00,20:00,35
1,700031,CLEVELAND,OH,1,41.476400,-81.680500,Y,8064998.580000,10000,STANDARD,2018-09-14,49982.978982,20949,2,7.507832,20,806.500000,,07:00,21:00,46
2,700032,CHENEY,WA,4,47.490100,-117.579000,Y,2392298.160000,5000,STANDARD,2009-09-14,38664.822546,44852,2,7.772275,10,478.460000,,08:00,20:00,29
3,700033,MINNEAPOLIS,MN,1,44.963500,-93.267800,Y,5790370.280000,7500,STANDARD,2004-07-27,49555.916192,37628,7,8.065827,13,772.050000,2008-10-13,09:00,22:00,44
1,700034,STERLING,VA,3,39.005200,-77.405000,Y,2106616.980000,5000,STANDARD,2014-05-05,61389.483987,28044,4,7.785273,9,421.320000,2018-08-19,08:00,22:00,25
3,700035,AUSTIN,TX,4,30.300500,-97.752200,Y,13892395.220000,7500,STANDARD,2014-08-27,72564.274499,45917,8,7.888770,14,1852.320000,2021-05-31,06:00,19:00,38
4,700036,ANTIOCH,CA,4,37.978700,-121.796000,Y,13170312.360000,5000,FLAGSHIP,2006-07-08,68850.562938,105901,1,7.170748,10,2634.060000,,06:00,19:00,23
1,700037,ROCHESTER,NY,2,43.168000,-77.616200,Y,5731539.800000,10000,STANDARD,2012-11-22,51320.863651,36363,1,8.034516,18,573.150000,2019-11-11,09:00,22:00,42
5,700038,LOUISVILLE,KY,3,38.166300,-85.648500,Y,8176975.050000,5000,STANDARD,2020-05-31,60029.265111,19707,5,6.831467,10,1635.400000,2024-07-04,08:00,20:00,23
3,700039,SUPERIOR,WI,1,46.694100,-92.082300,Y,1698091.680000,3500,STANDARD,2010-07-23,33670.398971,19606,2,7.574216,5,485.170000,,09:00,22:00,18
3,700040,DENVER,CO,4,39.762000,-104.875800,Y,19496592.980000,7500,STANDARD,2023-06-29,80559.695637,107245,1,6.905067,15,2599.550000,2027-03-27,06:00,20:00,40
5,700041,KISSIMMEE,FL,3,28.304100,-81.416900,Y,3287530.830000,2500,STANDARD,2015-03-30,65682.586084,38818,1,5.951796,5,1315.010000,2023-11-11,06:00,19:00,13
5,700042,DEERFIELD BEACH,FL,3,26.305000,-80.127700,Y,1430868.330000,2500,STANDARD,2021-10-25,77447.771514,52665,3,6.701583,5,572.350000,,06:00,19:00,13
5,700043,MILWAUKEE,WI,1,43.064200,-87.967500,Y,14387044.760000,7500,STANDARD,2016-09-01,81040.441584,22669,2,6.571164,15,1918.270000,2023-07-24,07:00,19:00,42
5,700044,HAMILTON,OH,1,39.393900,-84.565300,Y,2506742.560000,3500,STANDARD,2006-02-25,46178.084415,46470,0,6.175320,7,716.210000,2015-07-22,08:00,19:00,18
3,700045,AMARILLO,TX,4,35.198400,-101.831600,Y,2371221.600000,3500,STANDARD,2020-12-20,54029.862901,64098,2,6.963779,6,677.490000,2024-04-01,08:00,21:00,17
3,700046,COLLEGE STATION,TX,4,30.585200,-96.295900,Y,2360998.170000,3500,STANDARD,2014-12-24,72630.515592,29151,4,6.867285,6,674.570000,2023-01-03,07:00,20:00,16
3,700047,DALLAS,TX,4,32.793500,-96.766700,Y,9170635.850000,10000,STANDARD,2023-09-12,66166.938968,98176,5,8.417812,19,917.060000,2029-10-07,09:00,21:00,48
4,700048,FULLERTON,CA,4,33.884100,-117.927900,Y,2748638.100000,2500,STANDARD,2011-02-19,79239.894607,35616,3,6.371802,4,1099.460000,,09:00,19:00,11
5,700049,COLUMBIA,SC,3,34.037800,-80.903600,Y,8249484.070000,5000,STANDARD,2005-09-26,74932.630505,18842,2,7.234182,11,1649.900000,2013-04-10,08:00,19:00,21
4,700050,IRVINE,CA,4,33.677200,-117.773800,Y,3097140.920000,2500,STANDARD,2008-10-06,70048.575844,24610,3,7.614125,5,1238.860000,,06:00,20:00,13
1,700051,CLIFTON,NJ,2,40.863000,-74.157500,Y,4237844.830000,3500,EXPRESS,2014-05-22,78137.155242,17582,1,8.429352,6,1210.810000,2019-07-05,08:00,20:00,16
4,700052,KINGMAN,AZ,4,35.217000,-114.010500,Y,1720994.170000,3500,EXPRESS,2010-10-10,59482.102107,47777,0,7.087818,7,491.710000,2014-05-21,09:00,21:00,15
4,700053,SPRING VALLEY,NV,4,36.095200,-115.263600,Y,2417129.330000,2500,STANDARD,2011-05-20,84062.587897,40889,1,6.129615,4,966.850000,2019-06-19,06:00,19:00,14
3,700054,KANSAS CITY,MO,1,39.123800,-94.554100,Y,17755163.380000,10000,FLAGSHIP,2017-08-16,51547.356213,18782,1,7.043158,20,1775.520000,,06:00,21:00,54
5,700055,NORTH FORT MYERS,FL,3,26.724400,-81.848500,Y,1782675.980000,5000,EXPRESS,2004-10-02,59958.753856,28378,3,6.410069,8,356.540000,,09:00,19:00,25
5,700056,DELTONA,FL,3,28.905000,-81.213700,Y,2752099.770000,3500,STANDARD,2015-02-19,61920.018054,16741,3,6.547659,7,786.310000,,06:00,19:00,17
4,700057,SALT LAKE CITY,UT,4,40.777600,-111.931100,Y,21233240.010000,7500,EXPRESS,2006-07-21,53100.219775,25979,5,6.645177,17,2831.100000,2015-05-27,08:00,21:00,38
1,700058,PORTLAND,ME,2,43.677300,-70.271500,Y,972405.280000,2500,OUTLET,2015-02-08,88121.757546,35780,2,8.152449,4,388.960000,2018-03-20,09:00,19:00,13
5,700059,DAYTONA BEACH,FL,3,29.199500,-81.098200,Y,2706199.330000,5000,STANDARD,2021-07-12,67343.526134,34186,3,5.557034,9,541.240000,2026-04-05,06:00,20:00,23
2,700060,GRESHAM,OR,4,45.502100,-122.441300,Y,1105005.050000,3500,STANDARD,2022-02-09,71654.653356,21169,2,8.401679,7,315.720000,2026-10-11,09:00,21:00,17
5,700061,CORNELIUS,NC,3,35.472400,-80.881300,Y,2979973.930000,3500,STANDARD,2020-09-06,53446.540828,49880,3,6.415488,6,851.420000,2026-06-28,06:00,20:00,15
3,700062,WEATHERFORD,TX,4,32.753600,-97.772300,Y,2026567.410000,5000,OUTLET,2013-11-28,69503.612148,34650,2,7.500760,9,405.310000,2021-10-04,07:00,19:00,24
3,700063,CREVE COEUR,MO,1,38.662000,-90.443000,Y,5411191.720000,3500,FLAGSHIP,2007-03-11,43948.999935,114923,1,8.656174,7,1546.050000,2011-06-03,06:00,22:00,18
1,700064,MARLTON,MD,3,38.762000,-76.785700,Y,4502049.060000,3500,STANDARD,2006-09-10,72196.182988,42762,2,9.117244,6,1286.300000,2010-12-08,08:00,22:00,20
3,700065,ODESSA,TX,4,31.880100,-102.344800,Y,2818614.030000,3500,EXPRESS,2007-09-30,66354.783595,37817,0,7.523946,5,805.320000,2017-04-05,09:00,21:00,17
5,700066,MIAMI,FL,3,25.784000,-80.210100,Y,10594811.990000,10000,EXPRESS,2023-08-18,62931.965910,33227,4,6.525384,21,1059.480000,2031-01-23,08:00,19:00,62
1,700067,LYNCHBURG,VA,3,37.400300,-79.190900,Y,2211384.110000,2500,STANDARD,2016-07-30,73356.565280,59630,2,8.017214,4,884.550000,,09:00,22:00,12
4,700068,HENDERSON,NV,4,36.013300,-115.038100,Y,3760351.370000,2500,STANDARD,2003-12-27,79446.580276,21379,4,6.883904,4,1504.140000,2009-06-16,09:00,20:00,14
3,700069,LINCOLN,NE,1,40.809900,-96.678400,Y,2703229.190000,2500,EXPRESS,2005-09-08,48336.028312,67927,1,8.157409,5,1081.290000,2008-04-01,07:00,22:00,12
5,700070,COCONUT CREEK,FL,3,26.280300,-80.184200,Y,2113676.800000,3500,STANDARD,2017-04-27,57483.194945,27823,1,6.796992,6,603.910000,2019-09-26,08:00,19:00,16
1,700071,EVERETT,MA,2,42.406400,-71.054500,Y,3981366.520000,5000,STANDARD,2021-06-11,62507.583366,37653,4,7.610909,9,796.270000,,06:00,22:00,25
4,700072,OGDEN,UT,4,41.227900,-111.968200,Y,4556006.220000,5000,EXPRESS,2016-05-28,70882.338280,59360,2,7.195953,9,911.200000,2024-01-31,07:00,20:00,24
5,700073,COLUMBIA,TN,3,35.623800,-87.048400,Y,2876484.700000,2500,STANDARD,2007-10-20,54652.819468,28922,0,7.112353,4,1150.590000,,07:00,22:00,12
1,700074,TALLMADGE,OH,1,41.102300,-81.421600,Y,4983157.620000,2500,FLAGSHIP,2023-02-01,56665.117857,47882,0,8.198107,5,1993.260000,,09:00,22:00,14
1,700075,RICHMOND,VA,3,37.529500,-77.475600,N,9798344.680000,7500,STANDARD,2019-12-26,65985.516521,62965,2,8.524098,14,1306.450000,2025-07-13,08:00,19:00,33
1,700076,HOLBROOK,NY,2,40.794400,-73.070000,N,3275584.080000,2500,EXPRESS,2008-06-18,71218.002620,76889,3,7.440747,4,1310.230000,2012-10-27,06:00,21:00,10
1,700077,TOTOWA,NJ,2,40.903900,-74.221400,Y,2474111.580000,5000,STANDARD,2018-03-02,81994.502615,26671,0,8.089372,10,494.820000,2027-01-13,09:00,22:00,24
3,700078,THORNTON,CO,4,39.919700,-104.943800,Y,2319535.950000,2500,STANDARD,2014-07-03,56490.669930,35342,1,7.311448,4,927.810000,,06:00,21:00,14
1,700079,FARMINGTON HILLS,MI,1,42.486000,-83.377100,Y,2808650.240000,5000,STANDARD,2008-10-10,45890.430221,60826,1,7.785448,10,561.730000,2018-08-01,06:00,21:00,22
5,700080,SHELBYVILLE,KY,3,38.206700,-85.229200,Y,2496234.540000,3500,STANDARD,2016-06-21,34871.783472,42638,2,6.607251,7,713.210000,,08:00,20:00,18
1,700081,BROCKTON,MA,2,42.082100,-71.024200,Y,3057108.880000,5000,STANDARD,2021-01-12,45519.727259,33376,1,8.552073,10,611.420000,2026-03-27,08:00,21:00,24
5,700082,BIRMINGHAM,AL,3,33.527900,-86.797100,Y,5408360.000000,10000,STANDARD,2018-05-30,54103.309992,46427,8,6.037385,20,540.840000,,08:00,19:00,48
3,700083,MISSION BEND,TX,4,29.694800,-95.665800,Y,1953218.510000,3500,STANDARD,2015-10-02,81947.209985,35278,1,6.988164,7,558.060000,2018-06-08,07:00,21:00,18
5,700084,ST. LOUIS,MO,1,38.635900,-90.245100,Y,8966334.330000,7500,OUTLET,2005-10-19,73032.999337,19027,4,7.375104,13,1195.510000,,07:00,19:00,35
1,700085,BROOKLYN,NY,2,40.650100,-73.949600,Y,12992925.360000,7500,EXPRESS,2009-10-31,70671.406281,39368,4,7.129860,15,1732.390000,2019-08-16,08:00,22:00,28
5,700086,ORLANDO,FL,3,28.477300,-81.337000,Y,14218239.030000,10000,EXPRESS,2023-12-27,56513.610346,50875,2,7.509667,21,1421.820000,2033-12-07,06:00,19:00,55
5,700087,KENDALE LAKES,FL,3,25.708100,-80.407800,Y,2923583.750000,3500,EXPRESS,2020-05-05,57523.338177,34847,2,5.317978,8,835.310000,2029-01-16,07:00,19:00,19
4,700088,PRESCOTT VALLEY,AZ,4,34.598000,-112.318500,Y,2073755.170000,5000,STANDARD,2016-12-14,86569.265201,56726,2,6.861120,10,414.750000,,07:00,20:00,24
5,700089,SOUTH MILWAUKEE,WI,1,42.912000,-87.862700,Y,2371120.930000,5000,STANDARD,2016-07-01,46848.578334,35150,1,6.460835,9,474.220000,,07:00,20:00,23
4,700090,WATSONVILLE,CA,4,36.920600,-121.770800,Y,3045654.760000,3500,STANDARD,2007-08-07,85795.059860,58603,0,6.424741,7,870.190000,2016-10-05,08:00,21:00,20
4,700091,SAN DIEGO,CA,4,32.831300,-117.122200,Y,4679230.530000,10000,EXPRESS,2008-11-26,71697.449889,53476,4,7.305439,18,467.920000,2014-10-14,06:00,21:00,51
5,700092,PALM CITY,FL,3,27.173500,-80.286200,Y,8364925.060000,2500,FLAGSHIP,2012-05-31,60752.407423,103274,1,6.613369,5,3345.970000,,07:00,20:00,9
4,700093,SAN RAMON,CA,4,37.762400,-121.936500,Y,3343881.810000,3500,EXPRESS,2016-09-04,68178.176145,52605,2,7.168742,6,955.390000,2023-01-13,06:00,21:00,22
3,700094,TYLER,TX,4,32.318400,-95.306200,Y,2513019.420000,3500,STANDARD,2020-05-15,85229.118180,16195,2,7.041258,7,718.010000,2025-01-12,09:00,19:00,16
2,700095,MOUNT VERNON,WA,4,48.420300,-122.311500,Y,2375436.990000,5000,STANDARD,2020-08-12,59684.441354,31275,2,7.771109,9,475.090000,2027-04-05,06:00,21:00,28
1,700096,LEOMINSTER,MA,2,42.520900,-71.771700,Y,3033972.070000,5000,STANDARD,2009-02-16,91112.711471,37668,2,7.930035,11,606.790000,2012-11-12,08:00,21:00,27
4,700097,SACRAMENTO,CA,4,38.567700,-121.468500,Y,14511006.760000,5000,STANDARD,2019-03-14,58222.782887,46413,2,7.617676,11,2902.200000,,09:00,20:00,24
1,700098,FREDERICK,MD,3,39.433700,-77.414100,Y,7656624.190000,2500,STANDARD,2009-03-25,50036.882810,20299,2,8.862596,4,3062.650000,,09:00,19:00,14
4,700099,LAS VEGAS,NV,4,36.233300,-115.265400,Y,6131638.980000,5000,STANDARD,2013-07-11,47863.214825,27471,7,7.460442,7,1226.330000,2017-03-07,07:00,19:00,29
5,700100,TOLEDO,OH,1,41.663800,-83.582700,Y,4068523.300000,2500,EXPRESS,2006-09-04,76704.415500,71416,3,6.442818,5,1627.410000,,06:00,21:00,12
4,700101,EL PASO DE ROBLES,CA,4,35.639400,-120.656000,Y,4761267.820000,5000,STANDARD,2010-11-24,84435.137970,58193,0,6.987836,10,952.250000,2019-09-20,06:00,19:00,24
4,700102,MISSION VIEJO,CA,4,33.609600,-117.655100,Y,3721877.940000,3500,OUTLET,2018-07-26,63444.505972,48147,2,7.151478,5,1063.390000,2026-09-11,09:00,20:00,16
4,700103,RIVERSIDE,CA,4,33.938100,-117.394900,Y,4672118.130000,10000,OUTLET,2007-08-21,92326.360564,11743,4,6.693719,19,467.210000,2014-06-18,06:00,21:00,55
2,700104,KENT,WA,4,47.388700,-122.212800,Y,1822714.470000,3500,STANDARD,2015-03-12,47790.672107,25855,2,7.009925,6,520.780000,2022-08-28,09:00,19:00,14
4,700105,LOS ANGELES,CA,4,34.114100,-118.406800,Y,9870307.870000,5000,STANDARD,2009-01-17,34095.137357,35985,0,6.382308,8,1974.060000,2017-07-13,07:00,21:00,24
1,700106,SYRACUSE,NY,2,43.040700,-76.143700,Y,2610440.420000,5000,OUTLET,2021-07-14,79677.261790,48504,5,8.037335,7,522.090000,2024-12-03,08:00,19:00,28
1,700107,GRAND RAPIDS,MI,1,42.961900,-85.656200,N,9843729.610000,5000,STANDARD,2013-04-11,55584.462476,26850,1,8.154248,7,1968.750000,,06:00,22:00,23
1,700108,BRIDGEPORT,CT,2,41.191800,-73.195400,Y,6564338.960000,7500,STANDARD,2010-03-18,100501.132693,18193,5,7.987735,16,875.250000,2013-01-05,07:00,19:00,41
1,700109,SEVEN HILLS,OH,1,41.380300,-81.673600,Y,4325328.760000,5000,STANDARD,2016-02-18,55333.328546,39894,1,8.306580,9,865.070000,2018-12-08,09:00,22:00,27
1,700110,ROMULUS,MI,1,42.223700,-83.366000,Y,2253610.470000,5000,STANDARD,2008-04-14,62481.117855,45680,2,8.884079,10,450.720000,2010-11-23,08:00,22:00,27
1,700111,ALLENTOWN,PA,2,40.596100,-75.475600,Y,8990666.410000,3500,EXPRESS,2008-03-15,82531.615641,25723,2,7.766678,6,2568.760000,,08:00,20:00,18
4,700112,CHANDLER,AZ,4,33.282500,-111.851400,Y,1988299.630000,5000,STANDARD,2022-07-18,85662.256079,31357,1,7.029123,9,397.660000,2027-04-30,06:00,20:00,25
4,700113,LODI,CA,4,38.121800,-121.293200,Y,1071519.470000,2500,OUTLET,2019-02-07,72622.381544,24739,0,7.211421,5,428.610000,2029-01-15,06:00,21:00,11
3,700114,COON RAPIDS,MN,1,45.175500,-93.309400,Y,4315891.780000,5000,STANDARD,2014-11-02,60888.276114,35607,0,7.537813,10,863.180000,,06:00,22:00,29
5,700115,HENDERSON,KY,3,37.839700,-87.579800,Y,2420947.090000,5000,STANDARD,2004-11-23,35253.755526,89490,1,5.830828,10,484.190000,2010-09-02,07:00,20:00,29
3,700116,NEWTON,KS,1,38.036800,-97.344900,Y,3609107.950000,5000,OUTLET,2006-08-22,36359.169966,23758,2,7.363923,9,721.820000,,08:00,22:00,24
5,700117,SAVANNAH,GA,3,32.028600,-81.182100,Y,2934755.840000,2500,OUTLET,2020-12-05,66738.423797,18369,3,5.983952,5,1173.900000,2026-07-07,07:00,22:00,12
4,700118,CITRUS HEIGHTS,CA,4,38.694800,-121.288000,Y,2631540.250000,2500,STANDARD,2009-04-21,49543.093010,44336,0,6.859812,5,1052.620000,2014-04-22,07:00,22:00,13
5,700119,WINTER SPRINGS,FL,3,28.688900,-81.270300,Y,2164705.070000,3500,STANDARD,2011-01-04,57619.936727,43793,0,6.589917,6,618.490000,2017-05-16,07:00,22:00,16
2,700120,SEATTLE,WA,4,47.621100,-122.324400,Y,16754178.860000,5000,STANDARD,2015-02-21,41427.331360,36158,7,7.588192,9,3350.840000,,09:00,19:00,27
5,700121,DAVIE,FL,3,26.078900,-80.287000,Y,6182439.290000,2500,FLAGSHIP,2009-06-07,80482.447950,65232,0,4.678029,3,2472.980000,,07:00,20:00,12
4,700122,BRENTWOOD,CA,4,37.935600,-121.719000,Y,3647470.040000,2500,STANDARD,2011-07-09,52906.999180,20466,0,7.835418,4,1458.990000,2016-02-07,06:00,22:00,12
4,700123,TUCSON,AZ,4,32.154100,-110.878700,Y,7772611.060000,7500,STANDARD,2006-08-26,82921.376926,41306,2,7.085631,14,1036.350000,2012-06-20,06:00,19:00,39
1,700124,PHILADELPHIA,PA,2,40.007700,-75.133900,Y,7030895.700000,10000,STANDARD,2015-08-08,68255.864467,49523,1,8.569624,16,703.090000,,08:00,21:00,57
3,700125,LITTLE ELM,TX,4,33.185800,-96.929500,Y,2727347.290000,2500,STANDARD,2023-08-16,69319.350762,27035,1,6.765824,5,1090.940000,2032-06-04,08:00,19:00,12
5,700126,KENOSHA,WI,1,42.586500,-87.877300,Y,1137608.060000,2500,STANDARD,2018-09-18,50819.049334,60787,0,6.450780,5,455.040000,2024-05-12,07:00,22:00,13
1,700127,BUFFALO,NY,2,42.901800,-78.848700,Y,7060069.080000,7500,STANDARD,2014-03-15,64163.704522,30019,5,8.621049,14,941.340000,2022-04-05,06:00,21:00,35
5,700128,TROY,IL,1,38.726800,-89.897700,Y,1888149.130000,5000,OUTLET,2019-02-21,59881.313469,24136,2,6.710974,10,377.630000,2024-09-10,08:00,21:00,25
5,700129,ATLANTA,GA,3,33.762800,-84.422000,Y,23550954.550000,10000,STANDARD,2017-02-28,44767.269565,32166,4,6.486341,18,2355.100000,2024-12-22,06:00,19:00,44
1,700130,DURHAM,NC,3,35.979200,-78.902200,Y,10068131.870000,2500,STANDARD,2016-03-24,42411.992152,40373,2,9.150108,5,4027.250000,2021-02-17,08:00,19:00,9
1,700131,FREDERICKSBURG,VA,3,38.299200,-77.487200,Y,2864503.970000,2500,STANDARD,2012-01-12,76825.987627,87208,2,8.350939,4,1145.800000,2018-04-04,07:00,21:00,13
5,700132,MARGATE,FL,3,26.246600,-80.211900,Y,2301951.640000,2500,STANDARD,2022-05-02,66152.121260,24082,2,6.493847,5,920.780000,,07:00,22:00,12
5,700133,BURLINGTON,NC,3,36.076000,-79.468500,Y,1788994.080000,5000,STANDARD,2023-12-28,52431.182577,49599,2,6.249339,9,357.800000,,08:00,19:00,24
4,700134,MALIBU,CA,4,34.037000,-118.783900,Y,3687070.510000,2500,STANDARD,2007-06-24,77151.825245,31235,1,6.825415,4,1474.830000,2010-10-13,06:00,19:00,13
4,700135,RICHMOND,CA,4,37.947700,-122.338900,Y,3121794.990000,5000,STANDARD,2020-12-29,76796.760193,35733,1,7.342016,9,624.360000,2023-07-28,07:00,19:00,21
3,700136,FORT COLLINS,CO,4,40.547700,-105.065600,Y,5362226.130000,2500,FLAGSHIP,2016-04-06,79325.069960,28910,2,6.527231,6,2144.890000,2024-11-01,08:00,21:00,14
1,700137,HARRISONBURG,VA,3,38.436200,-78.873500,Y,2392097.380000,3500,STANDARD,2017-09-28,66513.558517,17090,2,9.109864,6,683.460000,2020-08-23,08:00,19:00,19
5,700138,LIBERTY TRIANGLE,FL,3,29.076000,-82.219100,Y,3543485.340000,3500,STANDARD,2007-03-10,57252.135801,12991,2,6.287237,6,1012.420000,,08:00,20:00,17
5,700139,COLUMBUS,GA,3,32.510000,-84.877100,Y,2125665.460000,2500,STANDARD,2021-11-25,41118.801050,75602,0,6.144891,4,850.270000,2029-01-16,09:00,21:00,13
4,700140,SANDY,UT,4,40.570900,-111.850600,Y,4641427.510000,5000,STANDARD,2014-12-23,63694.755681,45020,4,6.696047,9,928.290000,2022-01-07,07:00,21:00,22
5,700141,SOUTHERN PINES,NC,3,35.192700,-79.403900,Y,4114895.290000,3500,STANDARD,2014-05-23,57624.746568,38245,2,6.609254,6,1175.680000,2023-01-24,08:00,21:00,16
4,700142,PICO RIVERA,CA,4,33.990100,-118.088800,Y,3973599.060000,2500,STANDARD,2020-01-17,86293.376123,25583,4,7.147425,5,1589.440000,,09:00,21:00,14
4,700143,SANTA CLARITA,CA,4,34.417500,-118.496400,Y,3367103.930000,2500,OUTLET,2007-05-08,67587.602540,32703,3,7.553016,4,1346.840000,,09:00,22:00,12
3,700144,CELINA,TX,4,33.315400,-96.794100,Y,2772400.380000,2500,STANDARD,2012-06-06,76898.827534,80892,2,6.725966,4,1108.960000,2017-01-28,09:00,21:00,10
4,700145,CHULA VISTA,CA,4,32.628100,-117.014400,Y,1331351.790000,5000,STANDARD,2021-08-06,43360.729603,28523,3,7.318714,10,266.270000,2027-05-28,08:00,22:00,30
5,700146,MONTGOMERY,AL,3,32.348200,-86.266800,Y,2562747.810000,3500,STANDARD,2018-12-18,63835.160945,70707,3,6.287073,7,732.210000,2021-04-16,09:00,19:00,15
1,700147,LAUREL,VA,3,37.637500,-77.506200,Y,1953902.960000,5000,EXPRESS,2015-03-21,59074.233619,73624,1,7.664541,11,390.780000,2022-06-24,07:00,21:00,20
4,700148,EL CENTRO,CA,4,32.786500,-115.559500,N,5038952.000000,3500,EXPRESS,2011-04-20,79373.867028,52375,2,6.768548,7,1439.700000,2019-11-17,08:00,22:00,21
5,700149,CINCINNATI,OH,1,39.141300,-84.506000,N,17620963.960000,7500,STANDARD,2019-01-02,63348.768543,66996,5,6.386694,15,2349.460000,2025-06-22,08:00,19:00,39
2,700150,BEAVERTON,OR,4,45.477900,-122.816800,Y,3178128.270000,2500,STANDARD,2018-01-31,63991.965423,46806,1,7.766370,5,1271.250000,2024-12-20,06:00,21:00,11
5,700151,ARLINGTON HEIGHTS,IL,1,42.095500,-87.982600,Y,1795522.570000,3500,STANDARD,2016-12-04,50403.408340,59391,2,6.466259,7,513.010000,,08:00,19:00,15
1,700152,LAWRENCE,MA,2,42.700200,-71.162600,Y,7889974.770000,5000,STANDARD,2008-02-03,84340.721085,24913,0,8.953563,9,1577.990000,2016-10-29,07:00,21:00,27
1,700153,ROSEDALE,MD,3,39.326600,-76.508400,Y,4147586.970000,3500,STANDARD,2011-03-24,44391.366616,52312,2,8.109529,6,1185.020000,,08:00,19:00,16
5,700154,GURNEE,IL,1,42.370800,-87.939200,Y,1747707.310000,2500,STANDARD,2016-12-02,58591.890468,54805,1,7.538896,4,699.080000,,08:00,21:00,14
4,700155,REDWOOD CITY,CA,4,37.502500,-122.225300,Y,2625409.280000,2500,EXPRESS,2017-10-31,78246.978590,134102,3,6.260153,4,1050.160000,,07:00,22:00,14
5,700156,BLUFFTON,IN,1,40.742400,-85.173000,Y,1763578.900000,3500,EXPRESS,2004-06-10,64931.444225,67436,1,6.437146,7,503.880000,2009-10-27,08:00,22:00,19
4,700157,PLEASANT GROVE,UT,4,40.371600,-111.741200,Y,2889512.100000,3500,STANDARD,2004-03-14,80702.232931,13081,1,6.414324,7,825.570000,2009-08-23,08:00,20:00,19
1,700158,DETROIT,MI,1,42.383400,-83.102400,Y,8940202.170000,5000,STANDARD,2023-12-02,57691.341101,36721,0,7.577926,8,1788.040000,2031-03-07,07:00,20:00,24
2,700159,PORTLAND,OR,4,45.537100,-122.650000,Y,12559938.680000,10000,STANDARD,2013-08-18,84016.893450,37391,1,8.608922,19,1255.990000,,06:00,20:00,53
4,700160,DELANO,CA,4,35.766200,-119.263500,Y,2153198.950000,2500,STANDARD,2018-04-29,90395.225951,48885,0,7.299036,4,861.280000,2026-05-23,09:00,21:00,10
4,700161,MODESTO,CA,4,37.637500,-121.002800,Y,7370039.950000,3500,FLAGSHIP,2007-07-12,74635.875842,109172,4,6.972572,6,2105.730000,2015-11-16,06:00,19:00,18
2,700162,BREMERTON,WA,4,47.543600,-122.712100,Y,4105253.420000,5000,STANDARD,2013-05-23,68547.853728,37722,1,8.384837,11,821.050000,,08:00,20:00,23
1,700163,LANSING,MI,1,42.714200,-84.560100,Y,2291784.540000,2500,STANDARD,2014-10-07,60867.127735,33190,0,8.340728,4,916.710000,2022-12-01,07:00,19:00,10
3,700164,LONGVIEW,TX,4,32.519300,-94.762200,Y,2686342.600000,3500,EXPRESS,2021-01-11,54869.650147,21622,2,6.920697,7,767.530000,2026-04-29,09:00,22:00,14
1,700165,NEW MILFORD,NJ,2,40.933700,-74.019600,Y,3085103.280000,3500,OUTLET,2022-01-16,57029.865398,39115,3,7.998965,7,881.460000,,09:00,21:00,19
3,700166,BROOMFIELD,CO,4,39.954200,-105.052600,Y,1873958.350000,2500,STANDARD,2018-06-19,90753.906009,18140,1,7.927258,5,749.580000,2027-03-02,08:00,19:00,10
4,700167,HAYWARD,CA,4,37.632800,-122.076600,Y,1906364.340000,5000,EXPRESS,2022-09-23,61522.003281,105397,1,6.120531,9,381.270000,2027-06-29,07:00,19:00,25
5,700168,WEST PALM BEACH,FL,3,26.746900,-80.132000,Y,3415803.010000,5000,STANDARD,2016-06-20,46597.169246,44031,3,6.536667,10,683.160000,2026-05-08,08:00,19:00,27
4,700169,MORENO VALLEY,CA,4,33.924400,-117.204500,Y,6618002.770000,5000,STANDARD,2012-09-14,65110.728247,29336,0,6.770113,9,1323.600000,2017-07-18,06:00,21:00,25
1,700170,WEST FALLS CHURCH,VA,3,38.864800,-77.187800,Y,1796047.420000,3500,STANDARD,2010-12-25,49541.376028,34156,4,9.177766,7,513.160000,2014-05-04,06:00,21:00,19
4,700171,SANTA CLARA,CA,4,37.364600,-121.968000,Y,1188146.130000,5000,EXPRESS,2006-06-16,75069.778129,40002,2,6.666012,12,237.630000,,09:00,19:00,28
1,700172,ROCHESTER HILLS,MI,1,42.664500,-83.156300,Y,1106422.960000,2500,EXPRESS,2019-03-21,70214.725609,94193,2,8.521172,5,442.570000,,06:00,20:00,11
4,700173,SAN JACINTO,CA,4,33.797000,-116.991600,Y,1523531.500000,3500,OUTLET,2018-03-15,87955.299353,32458,3,6.222954,6,435.290000,2027-11-29,06:00,19:00,17
5,700174,BENSENVILLE,IL,1,41.957900,-87.944200,Y,3044678.130000,3500,STANDARD,2007-10-02,65414.546046,23043,3,7.109302,7,869.910000,2010-06-01,06:00,21:00,14
3,700175,TOWN AND COUNTRY,MO,1,38.631700,-90.479000,Y,2972391.600000,5000,STANDARD,2020-11-03,65744.548208,34201,2,7.939222,10,594.480000,2024-07-27,07:00,19:00,22
5,700176,NASHVILLE,TN,3,36.171500,-86.784200,Y,5659143.930000,5000,FLAGSHIP,2018-04-14,49572.855618,22008,2,6.076092,10,1131.830000,2027-12-08,09:00,20:00,27
1,700177,ST. MARYS,PA,2,41.457400,-78.534200,Y,2231516.540000,3500,EXPRESS,2008-04-18,100108.741165,29702,1,8.612585,8,637.580000,,08:00,20:00,16
4,700178,LONG BEACH,CA,4,33.797700,-118.167000,Y,10217003.300000,3500,STANDARD,2008-06-24,76836.611702,93186,2,6.334364,7,2919.140000,2016-12-08,07:00,22:00,18
2,700179,BURIEN,WA,4,47.476200,-122.339400,Y,3506123.810000,2500,STANDARD,2008-06-21,88347.307104,47878,2,7.955362,5,1402.450000,2011-06-12,07:00,21:00,13
1,700180,OAKTON,VA,3,38.888700,-77.301600,Y,2544836.450000,5000,EXPRESS,2021-05-07,42437.132882,16435,1,7.388069,10,508.970000,2024-09-06,09:00,21:00,22
1,700181,HARTFORD,CT,2,41.766100,-72.683400,Y,13124206.620000,10000,STANDARD,2010-09-20,76599.663403,25339,4,8.365336,20,1312.420000,,06:00,21:00,49
4,700182,ARCADIA,CA,4,34.134200,-118.037300,Y,1585429.360000,3500,STANDARD,2015-05-27,65644.370666,46728,3,6.902499,7,452.980000,2023-09-30,09:00,22:00,22
3,700183,ROYSE CITY,TX,4,32.976200,-96.317500,Y,1881781.400000,2500,STANDARD,2021-03-03,75170.790505,7446,4,7.114742,4,752.710000,2023-08-02,06:00,21:00,12
3,700184,FLOWER MOUND,TX,4,33.034300,-97.114600,Y,1341778.650000,2500,EXPRESS,2006-01-18,75271.304377,101461,2,8.203477,4,536.710000,2015-09-06,09:00,21:00,12
2,700185,SALEM,OR,4,44.923300,-123.024400,Y,5486454.240000,2500,STANDARD,2019-07-18,72686.065094,58521,3,8.093055,5,2194.580000,2025-09-03,06:00,22:00,14
5,700186,JACKSONVILLE,FL,3,30.332200,-81.674900,Y,7277765.240000,10000,EXPRESS,2021-08-13,34406.764719,26373,1,6.299895,16,727.780000,2029-09-01,09:00,19:00,59
1,700187,BOWIE,MD,3,38.954900,-76.740600,Y,4368364.740000,2500,STANDARD,2023-07-12,51260.097876,18125,1,7.890356,5,1747.350000,2031-01-16,07:00,20:00,14
1,700188,STERLING HEIGHTS,MI,1,42.580900,-83.030500,Y,3439898.480000,5000,FLAGSHIP,2013-12-01,45363.069747,19079,2,8.970151,8,687.980000,2023-10-23,07:00,21:00,27
1,700189,CHARLOTTESVILLE,VA,3,38.037500,-78.485500,Y,1459437.330000,5000,STANDARD,2004-08-03,54232.590894,40335,1,8.220368,10,291.890000,,06:00,19:00,27
1,700190,PROVIDENCE,RI,2,41.823000,-71.418700,Y,8713208.680000,10000,STANDARD,2013-10-23,82722.493656,28423,2,7.675684,19,871.320000,2022-06-07,09:00,21:00,43
4,700191,SANTA ROSA,CA,4,38.445800,-122.706700,Y,2105529.900000,5000,EXPRESS,2014-11-01,87647.575450,47461,1,6.878809,8,421.110000,2022-01-18,09:00,21:00,25
3,700192,URBANDALE,IA,1,41.639000,-93.781200,Y,3042116.790000,2500,FLAGSHIP,2021-04-21,59213.040778,73080,2,7.631145,4,1216.850000,2026-05-24,08:00,21:00,14
4,700193,OAKLAND,CA,4,37.790400,-122.216600,Y,5644920.780000,5000,STANDARD,2022-10-04,77183.780370,35367,8,6.003828,10,1128.980000,2027-11-03,06:00,20:00,22
4,700194,LAKE FOREST,CA,4,33.660500,-117.671400,Y,4376094.800000,3500,STANDARD,2012-03-07,70094.114493,32042,0,7.056361,5,1250.310000,2019-08-02,06:00,22:00,19
3,700195,SAN ANTONIO,TX,4,29.463200,-98.523800,Y,7332760.380000,10000,STANDARD,2017-09-30,65363.224865,10041,5,7.692205,16,733.280000,2026-06-18,07:00,21:00,57
3,700196,CANYON LAKE,TX,4,29.876100,-98.261100,Y,962487.960000,2500,STANDARD,2005-08-10,62449.768296,100502,2,6.519808,4,385.000000,,09:00,22:00,10
1,700197,CHAPEL HILL,NC,3,35.927100,-79.039100,Y,1065998.800000,5000,OUTLET,2021-08-21,62303.495989,67008,1,8.836576,10,213.200000,2029-04-09,08:00,19:00,26
4,700198,CORONADO,CA,4,32.664900,-117.160400,Y,1307549.790000,2500,OUTLET,2013-04-01,101260.459456,26108,2,7.171886,4,523.020000,2020-05-10,06:00,20:00,10
1,700199,MCLEAN,VA,3,38.943600,-77.194300,Y,1697361.120000,2500,EXPRESS,2005-06-30,47813.557008,55582,2,8.319410,5,678.940000,,09:00,21:00,14
4,700200,POMONA,CA,4,34.058500,-117.762600,Y,1512986.200000,5000,STANDARD,2010-08-04,71645.620054,34641,0,6.645702,8,302.600000,2015-01-31,06:00,22:00,24
1,700201,AVON LAKE,OH,1,41.494400,-82.015900,Y,2782170.980000,2500,STANDARD,2016-07-20,38745.522255,32680,2,7.747704,5,1112.870000,2021-04-05,06:00,20:00,13
4,700202,SEASIDE,CA,4,36.622400,-121.819900,Y,2367224.450000,5000,STANDARD,2018-06-13,82938.957573,33281,1,7.024735,7,473.440000,2024-06-15,08:00,22:00,21
5,700203,AUGUSTA,GA,3,33.364500,-82.070800,Y,9479556.180000,5000,STANDARD,2021-01-07,61038.261598,70348,0,6.702778,11,1895.910000,2029-10-08,07:00,19:00,26
4,700204,GOLETA,CA,4,34.436100,-119.859400,Y,2206980.970000,5000,STANDARD,2012-08-22,71521.410065,57366,2,6.389540,10,441.400000,2019-12-13,07:00,22:00,24
5,700205,LAKELAND,FL,3,28.055700,-81.954500,Y,4323230.370000,2500,OUTLET,2016-10-02,63547.418548,18320,2,7.084915,4,1729.290000,,07:00,19:00,11
3,700206,OKLAHOMA CITY,OK,4,35.467600,-97.513600,Y,7790005.490000,7500,STANDARD,2019-03-26,54788.930266,30628,4,7.312891,16,1038.670000,2022-03-15,06:00,22:00,36
4,700207,GLENDORA,CA,4,34.144900,-117.846700,Y,1184435.590000,2500,STANDARD,2023-04-18,107976.411081,61427,1,6.555446,4,473.770000,2028-02-12,08:00,21:00,13
5,700208,WINSTON-SALEM,NC,3,36.102900,-80.261000,Y,11149864.240000,2500,STANDARD,2024-01-08,51675.924185,46571,5,5.223035,4,4459.950000,2032-07-22,06:00,19:00,11
4,700209,HOME GARDENS,CA,4,33.878300,-117.511600,Y,2709565.120000,2500,STANDARD,2015-11-24,57648.082439,43333,4,6.838450,4,1083.830000,,06:00,21:00,11
5,700210,KALAMAZOO,MI,1,42.274900,-85.588200,Y,2807652.680000,5000,STANDARD,2010-03-08,37693.981063,31746,0,6.504689,10,561.530000,,07:00,22:00,23
4,700211,MOUNTAIN VIEW,CA,4,37.400100,-122.079600,Y,2329429.730000,2500,EXPRESS,2013-07-05,62290.923540,47542,1,6.627893,5,931.770000,2018-06-04,09:00,19:00,9
3,700212,MOORE,OK,4,35.329300,-97.475700,Y,3072195.760000,2500,STANDARD,2010-04-12,65641.496621,68734,1,7.209915,5,1228.880000,2019-05-23,09:00,20:00,14
5,700213,WYOMING,MI,1,42.890800,-85.706600,Y,4869929.440000,3500,STANDARD,2007-07-10,60798.449736,26979,2,6.498453,7,1391.410000,2011-04-29,07:00,22:00,17
4,700214,WESTMINSTER,CA,4,33.752300,-117.993800,Y,1477369.740000,2500,STANDARD,2004-12-22,72156.006865,36004,1,6.829043,5,590.950000,,06:00,22:00,11
5,700215,WAUKEGAN,IL,1,42.369800,-87.871600,Y,3335948.180000,2500,STANDARD,2024-01-22,44086.039747,42748,2,6.249690,5,1334.380000,2029-04-25,09:00,21:00,9
5,700216,LEXINGTON,KY,3,38.042300,-84.458700,Y,4246774.870000,5000,STANDARD,2015-05-21,43041.271820,120685,3,5.772527,9,849.350000,,06:00,22:00,26
3,700217,CASTLE ROCK,CO,4,39.376300,-104.853500,Y,3040963.880000,5000,STANDARD,2009-08-14,86224.638242,35680,1,7.112501,10,608.190000,,08:00,21:00,27
5,700218,BEXLEY,OH,1,39.965000,-82.934300,Y,2257557.550000,5000,STANDARD,2005-05-29,44026.473409,30781,2,6.156516,7,451.510000,,07:00,20:00,28
5,700219,HILLIARD,OH,1,40.035300,-83.157800,Y,2603691.050000,5000,STANDARD,2020-07-14,61183.755797,56931,2,6.302243,7,520.740000,2029-01-09,09:00,19:00,28
1,700220,ANN ARBOR,MI,1,42.275900,-83.731000,Y,2679224.030000,2500,STANDARD,2004-07-08,35472.595120,49075,2,8.590269,4,1071.690000,2007-12-18,09:00,20:00,10
3,700221,EL PASO,TX,4,31.847600,-106.430000,Y,9420949.250000,7500,STANDARD,2016-05-22,67129.343870,21618,5,7.559554,13,1256.130000,2024-01-10,09:00,19:00,35
5,700222,DOWNERS GROVE,IL,1,41.794900,-88.017200,Y,2021616.710000,2500,STANDARD,2014-11-21,58434.890876,9279,2,7.609293,5,808.650000,,08:00,20:00,11
4,700223,MONTCLAIR,CA,4,34.071500,-117.698100,N,3282547.100000,5000,EXPRESS,2017-02-24,91280.476127,37217,2,7.090061,10,656.510000,2020-02-23,08:00,22:00,26
5,700224,MERRITT ISLAND,FL,3,28.313900,-80.670800,Y,2038231.860000,2500,OUTLET,2021-09-14,35175.748700,55603,3,6.979679,6,815.290000,2024-08-30,09:00,20:00,11
4,700225,SAN JOSE,CA,4,37.301200,-121.848000,Y,18081797.300000,10000,STANDARD,2017-06-30,76340.409885,36127,4,6.983800,19,1808.180000,,08:00,19:00,49
4,700226,DANVILLE,CA,4,37.812100,-121.969800,N,1854991.360000,2500,STANDARD,2019-07-01,75255.509025,84519,4,7.045449,4,742.000000,2023-12-29,06:00,20:00,11
5,700227,INDIANAPOLIS,IN,1,39.777100,-86.145800,Y,13661090.860000,10000,STANDARD,2014-06-21,41856.395724,48966,5,6.698238,19,1366.110000,,08:00,20:00,48
2,700228,MEDFORD,OR,4,42.337200,-122.854000,Y,3405337.970000,3500,STANDARD,2017-02-24,72713.352111,30855,0,7.732644,6,972.950000,2023-04-10,09:00,22:00,18
5,700229,SEBRING,FL,3,27.477000,-81.453000,Y,2247522.910000,2500,EXPRESS,2022-06-28,67625.760369,27193,2,5.715352,3,899.010000,2031-10-22,06:00,22:00,13
4,700230,LAKE ELSINORE,CA,4,33.684700,-117.334400,Y,4964934.320000,3500,STANDARD,2011-11-22,48286.116764,18411,0,7.945713,5,1418.550000,2014-10-13,06:00,19:00,18
3,700231,RIO RANCHO,NM,4,35.287300,-106.698200,Y,3651090.260000,3500,STANDARD,2010-01-24,92529.148984,38506,3,7.654246,7,1043.170000,2013-03-07,09:00,22:00,17
2,700232,SPOKANE,WA,4,47.667100,-117.433000,Y,9308648.950000,3500,STANDARD,2013-12-21,98000.484521,44617,3,8.432096,6,2659.610000,,08:00,21:00,18
4,700233,SCOTTSDALE,AZ,4,33.687200,-111.865100,Y,3394379.870000,3500,STANDARD,2013-12-11,76421.367555,32013,0,6.475248,7,969.820000,,06:00,21:00,18
1,700234,HARRISBURG,PA,2,40.275200,-76.884300,Y,5723181.160000,2500,STANDARD,2018-02-20,91394.001562,70674,1,8.189539,5,2289.270000,2024-05-05,09:00,19:00,11
1,700235,MOORESTOWN-LENOLA,NJ,2,39.965900,-74.964300,Y,1810032.920000,5000,STANDARD,2008-02-12,64356.698210,30059,0,9.189783,10,362.010000,,08:00,20:00,26
5,700236,OLIVE BRANCH,MS,3,34.961000,-89.846900,Y,3933643.540000,2500,STANDARD,2007-04-13,59320.501231,31784,2,6.879892,4,1573.460000,2015-08-06,07:00,22:00,11
1,700237,JERSEY CITY,NJ,2,40.718400,-74.068600,Y,4747213.200000,3500,STANDARD,2021-11-15,49722.817871,31654,2,8.479855,6,1356.350000,2024-04-09,09:00,22:00,18
1,700238,TRENTON,NJ,2,40.223700,-74.764100,Y,4600002.260000,3500,STANDARD,2007-07-15,41687.805780,83399,6,7.766455,7,1314.290000,2012-07-12,09:00,21:00,16
5,700239,ROUND LAKE BEACH,IL,1,42.379100,-88.081100,Y,1907206.630000,5000,EXPRESS,2017-06-04,64133.476467,41956,3,6.293566,10,381.440000,2024-08-23,09:00,22:00,23
1,700240,UTICA,NY,2,43.096200,-75.226100,Y,5362052.080000,5000,STANDARD,2021-07-22,86107.163561,47875,1,8.160989,8,1072.410000,2028-12-25,08:00,19:00,26
4,700241,PARKWAY,CA,4,38.499300,-121.452000,N,2486530.390000,2500,STANDARD,2016-12-02,27781.818504,31533,0,7.130001,5,994.610000,2023-12-09,06:00,22:00,12
4,700242,MESA,AZ,4,33.401500,-111.717800,Y,3040800.830000,5000,OUTLET,2011-10-17,87496.268629,51111,3,7.037683,9,608.160000,2017-04-10,07:00,19:00,20
1,700243,CHARLESTON,WV,3,38.348400,-81.632200,Y,2381500.250000,5000,STANDARD,2010-12-23,51377.990110,41474,1,8.232595,8,476.300000,2014-11-03,09:00,21:00,23
4,700244,COSTA MESA,CA,4,33.666700,-117.913500,Y,2295893.430000,5000,STANDARD,2019-01-10,79135.801480,27831,1,5.925296,10,459.180000,2028-06-23,07:00,22:00,24
3,700245,ST. PAUL,MN,1,44.947800,-93.103900,Y,4606119.930000,2500,STANDARD,2019-02-01,47061.006437,38621,2,6.791934,5,1842.450000,,09:00,19:00,13
5,700246,NORMAL,IL,1,40.521700,-88.988400,Y,2026207.870000,2500,STANDARD,2004-12-20,74679.478802,27046,2,5.987330,4,810.480000,,09:00,21:00,12
5,700247,SPRINGBORO,OH,1,39.561500,-84.234800,Y,1478980.180000,5000,STANDARD,2009-05-26,49231.619325,35424,1,6.661220,9,295.800000,2016-07-24,08:00,19:00,21
5,700248,PANAMA CITY,FL,3,30.199500,-85.600300,Y,3122859.130000,5000,STANDARD,2005-05-08,76669.586145,41242,2,6.840084,11,624.570000,2010-01-13,07:00,20:00,25
3,700249,UNION,MO,1,38.439900,-90.992700,Y,2985119.860000,5000,STANDARD,2010-07-31,63169.121697,36867,1,7.161847,12,597.020000,2016-02-14,07:00,20:00,27
3,700250,HARLINGEN,TX,4,26.191600,-97.697700,Y,2708069.660000,5000,STANDARD,2011-01-26,97071.614865,15344,2,6.947493,9,541.610000,2014-05-03,08:00,19:00,23
5,700251,HOLLAND,MI,1,42.767700,-86.098400,Y,2200145.170000,5000,STANDARD,2019-05-23,79997.703185,52567,2,6.604285,11,440.030000,2028-04-08,07:00,21:00,26
1,700252,WARREN,MI,1,42.493400,-83.027000,Y,4176732.120000,2500,STANDARD,2007-09-29,50275.893939,45576,0,8.542903,5,1670.690000,2011-04-03,09:00,19:00,13
5,700253,WEST COLUMBIA,SC,3,33.993200,-81.093600,Y,2675980.320000,2500,STANDARD,2022-03-03,58970.501528,37859,0,6.851117,5,1070.390000,2028-07-29,06:00,22:00,11
3,700254,RAYMORE,MO,1,38.802900,-94.458300,Y,2078887.330000,3500,STANDARD,2007-11-05,60391.285827,26860,2,7.640818,7,593.970000,2011-12-04,09:00,21:00,19
1,700255,LYNDHURST,OH,1,41.517200,-81.492200,Y,1585869.560000,2500,STANDARD,2017-04-12,61913.950159,27695,0,7.877831,5,634.350000,,08:00,19:00,12
5,700256,KINSTON,NC,3,35.274700,-77.593900,Y,4709006.190000,2500,STANDARD,2022-11-27,52098.050345,25141,2,6.063645,4,1883.600000,2025-09-09,08:00,21:00,11
4,700257,EL DORADO HILLS,CA,4,38.675000,-121.049000,Y,2969937.390000,5000,OUTLET,2009-09-23,67967.480040,41562,2,6.935970,9,593.990000,2015-01-02,08:00,21:00,21
5,700258,MIRAMAR,FL,3,25.977300,-80.335100,Y,7861238.330000,2500,FLAGSHIP,2008-07-31,42374.716352,29739,2,6.399008,5,3144.500000,2011-04-01,06:00,20:00,13
4,700259,VISALIA,CA,4,36.327600,-119.326900,Y,1856526.730000,5000,STANDARD,2010-05-11,73184.391097,18531,3,6.631780,8,371.310000,2012-11-10,06:00,19:00,22
5,700260,CHARLESTON,SC,3,32.816800,-79.968700,Y,11749241.050000,5000,STANDARD,2008-09-02,69139.835798,52738,6,6.361217,10,2349.850000,2010-12-01,08:00,20:00,26
5,700261,BONITA SPRINGS,FL,3,26.355800,-81.785900,Y,5721212.050000,2500,FLAGSHIP,2017-01-13,54219.817580,51231,3,6.737185,4,2288.480000,2021-09-12,09:00,21:00,10
5,700262,GULFPORT,MS,3,30.427400,-89.070400,Y,3533114.280000,5000,STANDARD,2012-04-22,41122.364976,52191,2,6.195748,10,706.620000,,06:00,20:00,25
5,700263,GALLATIN,TN,3,36.378200,-86.469800,Y,2603549.560000,3500,STANDARD,2008-02-23,77454.910937,82362,1,6.112058,6,743.870000,2013-03-01,07:00,19:00,17
1,700264,NEW HAVEN,CT,2,41.311300,-72.924600,N,27111766.480000,3500,FLAGSHIP,2020-12-24,66575.158756,36585,3,8.657986,7,7746.220000,2027-11-10,07:00,19:00,16
5,700265,VILLA RICA,GA,3,33.729400,-84.917700,Y,2125037.020000,5000,EXPRESS,2012-09-03,53249.269917,14771,2,6.952923,11,425.010000,2016-05-24,06:00,19:00,24
3,700266,NORTH RICHLAND HILLS,TX,4,32.860400,-97.218000,Y,1712007.180000,2500,STANDARD,2018-04-29,85137.872428,65224,2,7.882992,4,684.800000,2027-02-10,08:00,22:00,12
5,700267,CREST HILL,IL,1,41.572300,-88.112400,Y,3398693.810000,3500,STANDARD,2018-04-04,52912.527896,43829,2,6.056260,7,971.060000,2025-12-14,07:00,19:00,17
3,700268,OMAHA,NE,1,41.262700,-96.052900,Y,6331078.450000,7500,EXPRESS,2010-12-14,40847.604555,75673,2,8.084858,15,844.140000,2016-08-10,08:00,20:00,41
5,700269,MEHLVILLE,MO,1,38.501800,-90.314900,Y,2378930.810000,5000,EXPRESS,2006-05-11,54706.270210,64066,2,7.030423,10,475.790000,2014-02-16,07:00,21:00,23
5,700270,SNELLVILLE,GA,3,33.856200,-84.003800,Y,1826823.460000,3500,STANDARD,2008-02-28,65164.557851,23657,2,7.421208,6,521.950000,2011-02-07,08:00,21:00,16
3,700271,GLADSTONE,MO,1,39.213400,-94.559200,Y,2552514.680000,3500,STANDARD,2012-07-17,69912.974783,36452,2,7.545658,6,729.290000,2019-12-13,07:00,22:00,18
2,700272,YAKIMA,WA,4,46.592300,-120.549600,Y,4628634.570000,5000,STANDARD,2005-02-18,76075.245396,28734,1,7.927360,10,925.730000,,06:00,21:00,23
5,700273,BUFFALO GROVE,IL,1,42.167500,-87.961500,Y,2444110.240000,3500,OUTLET,2015-11-24,70612.287284,23464,2,6.705699,7,698.320000,2020-10-05,07:00,19:00,16
5,700274,VIDALIA,GA,3,32.212500,-82.401900,Y,2676310.230000,3500,EXPRESS,2024-04-25,64980.718205,40649,2,7.388490,7,764.660000,2028-06-23,06:00,20:00,18
2,700275,LYNNWOOD,WA,4,47.828400,-122.303300,Y,4993736.060000,3500,STANDARD,2012-01-14,63513.646415,54582,2,8.132844,7,1426.780000,2021-10-03,08:00,22:00,16
3,700276,COUNCIL BLUFFS,IA,1,41.236900,-95.851600,Y,2273836.890000,3500,OUTLET,2008-08-11,65012.991761,42750,2,7.308106,7,649.670000,,06:00,21:00,17
5,700277,GERMANTOWN,WI,1,43.234300,-88.121700,Y,1999162.230000,5000,STANDARD,2013-04-19,66348.280383,46758,0,6.210486,10,399.830000,,07:00,20:00,27
1,700278,EAST GLENVILLE,NY,2,42.864800,-73.925600,Y,3016870.740000,3500,STANDARD,2013-04-21,35650.336751,40188,0,7.996714,7,861.960000,,07:00,19:00,17
4,700279,PALM SPRINGS,CA,4,33.801700,-116.538200,Y,1135282.700000,3500,EXPRESS,2023-06-13,66965.954886,43151,0,7.185566,7,324.370000,2032-06-28,07:00,22:00,17
3,700280,OLATHE,KS,1,38.883300,-94.820000,N,3006624.150000,3500,STANDARD,2010-08-17,63241.252837,55518,1,7.326894,7,859.040000,2017-03-13,09:00,22:00,13
4,700281,UNION CITY,CA,4,37.603200,-122.018100,Y,2607560.640000,3500,EXPRESS,2022-09-13,68706.285322,59159,3,7.105566,8,745.020000,2031-03-08,07:00,22:00,17
5,700282,SHOREWOOD,WI,1,43.091300,-87.886400,Y,2403555.770000,2500,STANDARD,2013-07-03,52594.486315,20906,1,5.262790,4,961.420000,2019-07-24,09:00,19:00,11
5,700283,FOLEY,AL,3,30.398300,-87.665000,Y,3114219.440000,2500,OUTLET,2021-02-12,42720.958347,19758,0,7.266965,5,1245.690000,,08:00,20:00,13
5,700284,ROSWELL,GA,3,34.039100,-84.351300,Y,4047181.620000,2500,STANDARD,2014-01-07,78524.585640,30741,1,6.324275,4,1618.870000,2020-09-02,07:00,19:00,13
4,700285,RIVERTON,UT,4,40.517600,-111.963600,Y,1714451.720000,2500,EXPRESS,2012-02-25,77064.292052,24765,0,6.386967,5,685.780000,2018-09-30,09:00,19:00,12
5,700286,SPRINGFIELD,TN,3,36.494900,-86.871100,Y,4456281.210000,3500,STANDARD,2015-02-21,33613.131442,20195,3,6.470461,7,1273.220000,,09:00,19:00,16
4,700287,PLEASANT HILL,CA,4,37.953900,-122.075900,Y,2226704.380000,5000,STANDARD,2014-04-21,59955.541923,81307,3,7.840113,9,445.340000,2020-03-04,06:00,22:00,22
1,700288,BOSTON,MA,2,42.318800,-71.085200,Y,8018751.600000,5000,STANDARD,2010-09-26,71328.424613,23206,4,8.162189,11,1603.750000,2013-06-21,09:00,19:00,25
1,700289,FLINT,MI,1,43.023600,-83.692100,Y,2567086.830000,2500,STANDARD,2009-05-16,46055.511859,40828,3,8.638846,5,1026.830000,2016-01-09,08:00,21:00,14
1,700290,BETHESDA,MD,3,38.986600,-77.118800,Y,3791753.330000,3500,FLAGSHIP,2022-12-22,42151.808443,40808,3,8.182542,7,1083.360000,2025-03-18,08:00,20:00,18
5,700291,LEBANON,TN,3,36.204000,-86.348100,Y,2280766.120000,2500,STANDARD,2021-11-20,46423.895725,55480,2,6.239102,4,912.310000,2026-01-04,07:00,20:00,14
4,700292,HEMET,CA,4,33.734100,-116.996900,Y,4282761.320000,2500,STANDARD,2010-12-04,79729.513672,31212,5,6.499379,4,1713.100000,2013-05-16,06:00,20:00,13
5,700293,BARTLETT,TN,3,35.233700,-89.819500,Y,3346859.330000,5000,OUTLET,2006-01-15,63129.051589,38694,2,6.895169,7,669.370000,,07:00,19:00,23
5,700294,TERRE HAUTE,IN,1,39.466000,-87.375100,Y,2959217.710000,3500,STANDARD,2022-03-29,44873.810367,21905,0,6.377221,8,845.490000,2028-01-07,07:00,22:00,18
1,700295,RALEIGH,NC,3,35.832400,-78.642900,Y,12321220.800000,10000,STANDARD,2020-08-31,75212.856227,73507,7,7.985458,20,1232.120000,2024-04-14,06:00,22:00,46
4,700296,CERES,CA,4,37.595200,-120.962000,Y,2560245.040000,5000,EXPRESS,2011-04-18,51571.588667,68085,2,7.116834,10,512.050000,2020-03-26,07:00,19:00,27
5,700297,CLARKSTON,GA,3,33.811700,-84.240300,N,1421681.530000,5000,STANDARD,2011-06-21,65974.719546,35715,3,7.015191,9,284.340000,2014-07-31,09:00,21:00,20
3,700298,SPRINGFIELD,IL,1,39.770900,-89.654000,Y,2270193.850000,3500,STANDARD,2021-06-20,50391.565602,57247,1,7.513847,7,648.630000,,09:00,20:00,17
1,700299,WILMINGTON,DE,3,39.741500,-75.541600,Y,3011896.630000,3500,FLAGSHIP,2023-07-17,41948.235027,33103,0,8.336935,7,860.540000,2032-03-18,09:00,21:00,18
4,700300,OILDALE,CA,4,35.429300,-119.030600,Y,2188916.110000,5000,STANDARD,2011-10-30,61481.899400,22935,1,7.228817,9,437.780000,2015-11-17,08:00,19:00,20
5,700301,DAYTON,OH,1,39.780500,-84.200300,Y,8617570.020000,10000,STANDARD,2013-11-04,68398.191611,118739,3,6.347305,19,861.760000,2022-03-13,06:00,19:00,50
4,700302,GALLUP,NM,4,35.518200,-108.743100,Y,2047340.920000,2500,STANDARD,2007-01-18,50498.216551,41720,0,7.073539,5,818.940000,2011-04-16,07:00,20:00,10
3,700303,VICTORIA,TX,4,28.828700,-96.984900,Y,4425370.540000,5000,STANDARD,2017-11-08,77797.073312,44633,3,7.481709,9,885.070000,,08:00,21:00,23
3,700304,BROOKLYN CENTER,MN,1,45.068100,-93.316200,Y,1473419.090000,3500,EXPRESS,2010-10-30,79936.664120,19922,2,7.981448,7,420.980000,2015-05-14,06:00,20:00,16
3,700305,DES MOINES,IA,1,41.572500,-93.610500,Y,10134243.410000,5000,OUTLET,2018-02-09,65628.071391,48571,0,7.733132,10,2026.850000,,07:00,19:00,21
1,700306,GLASSBORO,NJ,2,39.701400,-75.111300,Y,1710426.270000,5000,OUTLET,2024-06-04,58207.487874,21611,3,8.200026,8,342.090000,2033-11-03,09:00,22:00,24
2,700307,BILLINGS,MT,4,45.789100,-108.552600,Y,2324250.280000,3500,STANDARD,2008-09-10,63193.182573,24388,0,7.214567,8,664.070000,2014-10-15,09:00,22:00,18
5,700308,NEW SMYRNA BEACH,FL,3,29.024900,-80.965200,Y,2907827.750000,5000,EXPRESS,2010-02-27,59172.543341,25133,2,6.756824,11,581.570000,,08:00,21:00,29
5,700309,RUSKIN,FL,3,27.706500,-82.420900,Y,4934225.180000,3500,STANDARD,2014-03-12,50646.412051,28101,2,7.014929,7,1409.780000,2020-05-20,07:00,22:00,18
1,700310,MORGANTOWN,WV,3,39.638300,-79.946400,Y,3332087.570000,2500,FLAGSHIP,2005-01-06,66477.195442,18563,0,8.625749,4,1332.840000,2010-07-19,09:00,21:00,13
1,700311,AKRON,OH,1,41.079800,-81.521900,Y,8369711.870000,3500,STANDARD,2023-06-11,56010.018122,26415,5,7.977754,7,2391.350000,2026-09-24,07:00,21:00,17
3,700312,LENEXA,KS,1,38.960900,-94.801800,Y,3103887.990000,2500,STANDARD,2019-04-30,51602.788755,49065,2,8.768489,4,1241.560000,2028-10-27,06:00,21:00,14
1,700313,PONTIAC,MI,1,42.649300,-83.287800,Y,2399311.090000,3500,STANDARD,2012-06-25,49434.268817,35946,3,8.529786,6,685.520000,2019-10-20,07:00,20:00,18
4,700314,BALDWIN PARK,CA,4,34.082900,-117.972200,Y,1360449.390000,5000,STANDARD,2015-05-30,78971.990940,29554,1,7.857028,10,272.090000,2019-11-04,07:00,22:00,29
1,700315,OCEANSIDE,NY,2,40.632800,-73.636400,Y,2695505.550000,3500,STANDARD,2005-08-04,59933.809292,35129,4,8.288179,7,770.140000,,08:00,22:00,15
1,700316,NANUET,NY,2,41.095700,-74.015500,Y,2605068.260000,2500,STANDARD,2015-09-21,52445.948488,45246,0,7.876862,5,1042.030000,2018-07-05,09:00,19:00,12
3,700317,EDINA,MN,1,44.891400,-93.360200,Y,1673390.220000,2500,STANDARD,2018-10-11,76170.416896,18236,1,7.419154,4,669.360000,2021-07-25,09:00,21:00,12
4,700318,SOUTH WHITTIER,CA,4,33.933600,-118.031200,Y,5813892.460000,2500,STANDARD,2023-04-29,75904.710615,30157,2,7.826034,4,2325.560000,2031-02-05,07:00,19:00,15
4,700319,PROVO,UT,4,40.245700,-111.645700,Y,8683187.740000,2500,STANDARD,2022-10-26,84195.417637,32435,7,7.274511,5,3473.280000,,06:00,21:00,12
5,700320,RICHTON PARK,IL,1,41.481600,-87.738700,Y,1760645.330000,5000,OUTLET,2013-05-27,48883.791067,45224,2,6.021087,10,352.130000,2021-02-23,08:00,21:00,22
1,700321,MOUNT VERNON,NY,2,40.913600,-73.829100,Y,1821895.940000,3500,OUTLET,2008-01-03,73529.866797,54663,2,7.942702,6,520.540000,2013-07-05,08:00,19:00,14
3,700322,SPRINGFIELD,MO,1,37.194300,-93.291600,Y,4962922.070000,3500,STANDARD,2012-07-05,56270.433502,19105,1,7.265171,7,1417.980000,2020-03-26,09:00,22:00,17
5,700323,KNOXVILLE,TN,3,35.969200,-83.949600,Y,6773194.100000,5000,STANDARD,2021-10-08,70923.896029,46983,4,6.138811,8,1354.640000,,07:00,19:00,21
1,700324,COLONIAL PARK,PA,2,40.298700,-76.806900,Y,5633572.530000,3500,EXPRESS,2021-07-28,68761.658546,57920,2,8.207747,6,1609.590000,2025-07-01,09:00,20:00,15
1,700325,BEDFORD,OH,1,41.391900,-81.536000,Y,4669077.930000,2500,STANDARD,2013-12-21,46931.125536,23954,0,9.108444,5,1867.630000,2021-01-27,09:00,22:00,12
4,700326,LA VERNE,CA,4,34.120700,-117.770300,Y,1041537.720000,2500,EXPRESS,2012-08-07,82589.507249,49857,2,7.233872,5,416.620000,2017-12-15,06:00,19:00,12
1,700327,VIRGINIA BEACH,VA,3,36.733500,-76.043500,Y,17808146.790000,5000,STANDARD,2008-06-20,44092.690926,47863,2,8.256859,10,3561.630000,2012-06-23,07:00,22:00,28
1,700328,LEVITTOWN,PA,2,40.153300,-74.853100,Y,2732325.140000,5000,STANDARD,2006-01-11,81369.070736,26808,0,8.733471,12,546.470000,2009-09-20,09:00,19:00,25
1,700329,ELYRIA,OH,1,41.376000,-82.106000,Y,1423177.040000,2500,STANDARD,2010-11-27,41299.837250,50266,1,7.632033,4,569.270000,,09:00,21:00,14
4,700330,PALMDALE,CA,4,34.594400,-118.105700,N,3096387.640000,5000,STANDARD,2022-03-10,97020.154699,40151,2,6.776137,10,619.280000,2030-12-02,06:00,19:00,25
2,700331,BOISE,ID,4,43.600500,-116.230800,Y,17145365.830000,2500,STANDARD,2009-10-28,52267.625385,45452,2,8.341325,5,6858.150000,2018-04-10,09:00,19:00,10
5,700332,COLUMBUS,OH,1,39.986200,-82.985500,Y,11913151.030000,10000,STANDARD,2017-04-27,59995.488679,46190,2,7.237724,21,1191.320000,2026-06-06,06:00,19:00,48
2,700333,ARLINGTON,WA,4,48.170100,-122.144200,Y,2812889.810000,5000,STANDARD,2005-12-05,79061.778385,18686,2,8.376138,10,562.580000,2011-05-09,06:00,19:00,25
5,700334,WINTER HAVEN,FL,3,28.011800,-81.701400,Y,5942031.170000,3500,STANDARD,2007-04-27,48459.683450,33048,3,6.515433,7,1697.720000,2015-02-14,09:00,21:00,17
3,700335,MIDLAND,TX,4,32.024300,-102.114700,Y,1808773.790000,2500,STANDARD,2023-10-05,73954.178948,49297,2,8.323106,6,723.510000,2032-08-15,09:00,19:00,12
1,700336,SUMMIT,NJ,2,40.715400,-74.364700,Y,2646788.950000,5000,STANDARD,2016-01-22,62863.469250,43111,0,7.597319,9,529.360000,,06:00,21:00,26
3,700337,MIDLOTHIAN,TX,4,32.466900,-96.989000,Y,3165301.770000,5000,STANDARD,2010-06-25,45565.047471,22159,2,7.819257,8,633.060000,2013-07-09,07:00,21:00,26
1,700338,SCHENECTADY,NY,2,42.802500,-73.927500,Y,3899989.290000,2500,STANDARD,2010-12-12,48097.387564,44006,4,8.386492,5,1560.000000,2020-10-19,07:00,19:00,13
4,700339,CARSON CITY,NV,4,39.151100,-119.747600,Y,3194969.900000,3500,STANDARD,2012-03-15,89557.911526,36652,1,7.477797,7,912.850000,2016-03-31,07:00,21:00,17
5,700340,TAMARAC,FL,3,26.205600,-80.253900,Y,2185381.570000,2500,STANDARD,2023-12-20,42909.531716,20591,4,6.572888,4,874.150000,2030-11-07,07:00,22:00,13
1,700341,ALBANY,NY,2,42.666400,-73.798700,Y,7502283.440000,5000,STANDARD,2013-10-03,74712.292743,11890,3,8.088655,10,1500.460000,2018-08-21,08:00,20:00,25
1,700342,WARREN,OH,1,41.239000,-80.817400,Y,1263311.690000,3500,STANDARD,2017-12-30,68208.113753,46510,0,8.722513,7,360.950000,2027-08-03,09:00,19:00,20
5,700343,HATTIESBURG,MS,3,31.307400,-89.317000,Y,1260214.590000,5000,EXPRESS,2023-02-28,66963.115509,12976,2,6.564621,10,252.040000,2025-12-19,06:00,19:00,25
3,700344,LAS CRUCES,NM,4,32.326500,-106.789300,Y,1091375.670000,3500,EXPRESS,2019-01-24,71754.441162,33856,1,7.696564,6,311.820000,2024-01-05,06:00,22:00,20
5,700345,CORAL SPRINGS,FL,3,26.270200,-80.259100,Y,1879764.450000,5000,STANDARD,2020-08-14,50124.231836,25477,1,6.485745,7,375.950000,2029-02-01,08:00,22:00,21
1,700346,TROY,MI,1,42.581700,-83.145700,Y,3793285.180000,2500,STANDARD,2015-12-20,35328.491908,29917,0,8.110208,4,1517.310000,,07:00,22:00,13
4,700347,CARLSBAD,CA,4,33.124600,-117.283400,Y,1714033.600000,3500,EXPRESS,2023-08-16,64380.328022,22679,4,6.138480,6,489.720000,2029-09-09,08:00,21:00,18
4,700348,DREXEL HEIGHTS,AZ,4,32.145300,-111.048000,Y,3106360.710000,5000,STANDARD,2015-02-05,59638.833484,10304,2,6.908794,10,621.270000,2024-10-31,09:00,22:00,25
5,700349,ALTAMONTE SPRINGS,FL,3,28.661500,-81.395300,Y,2207525.420000,3500,STANDARD,2013-12-23,59760.015912,34633,2,7.049161,7,630.720000,,09:00,22:00,14
1,700350,NORTH MERRICK,NY,2,40.687100,-73.561500,Y,2366210.890000,5000,OUTLET,2006-04-28,88016.401759,21614,5,7.997123,9,473.240000,,06:00,21:00,28
1,700351,BEACHWOOD,NJ,2,39.928600,-74.202200,Y,2508150.780000,2500,STANDARD,2013-09-17,46680.470143,21135,0,8.796775,4,1003.260000,2019-11-28,08:00,22:00,13
3,700352,SWEETWATER,TX,4,32.469200,-100.409200,Y,2325884.710000,3500,OUTLET,2016-11-01,41726.168528,22061,1,6.980726,7,664.540000,,09:00,20:00,17
3,700353,GRANITE CITY,IL,1,38.729600,-90.126800,Y,5169656.960000,2500,STANDARD,2019-09-10,67882.845715,38274,0,7.749482,4,2067.860000,,08:00,19:00,12
5,700354,FAIRHOPE,AL,3,30.520900,-87.881300,Y,6277949.480000,5000,STANDARD,2005-02-01,50335.393997,87952,2,6.674293,9,1255.590000,,07:00,21:00,25
5,700355,FAIRVIEW HEIGHTS,IL,1,38.597400,-90.005300,Y,3507575.900000,5000,STANDARD,2014-09-08,48228.196303,29982,3,6.710816,11,701.520000,2021-04-14,09:00,21:00,24
1,700356,NEW CARROLLTON,MD,3,38.965600,-76.877500,Y,2245388.130000,5000,OUTLET,2014-05-05,60298.550257,26548,0,8.979498,9,449.080000,2020-08-13,09:00,21:00,24
3,700357,WACO,TX,4,31.559900,-97.188200,N,4104849.900000,3500,STANDARD,2023-12-28,62454.657347,48633,0,7.815163,7,1172.810000,2029-05-08,07:00,22:00,18
1,700358,ALEXANDRIA,VA,3,38.818500,-77.086100,Y,2061953.240000,3500,STANDARD,2009-01-10,41626.696652,37824,0,7.449340,5,589.130000,2014-04-11,09:00,19:00,14
5,700359,SPRING HILL,FL,3,28.479800,-82.530000,Y,3489110.050000,3500,OUTLET,2013-10-27,54369.965903,24114,2,6.548287,6,996.890000,2019-02-03,07:00,22:00,19
3,700360,QUINCY,IL,1,39.933600,-91.379900,Y,6241612.590000,2500,STANDARD,2019-04-16,45166.983524,57250,0,7.389551,5,2496.650000,2022-03-25,09:00,21:00,12
5,700361,CHATTANOOGA,TN,3,35.066000,-85.248100,Y,5678988.970000,5000,STANDARD,2009-04-26,66258.287930,21652,0,6.693818,8,1135.800000,2018-08-26,07:00,19:00,27
4,700362,SOUTH OGDEN,UT,4,41.172200,-111.957600,Y,2654181.920000,3500,STANDARD,2006-09-20,82554.952281,31078,6,7.194499,6,758.340000,2011-07-31,07:00,19:00,17
1,700363,BON AIR,VA,3,37.518700,-77.571300,Y,2191542.140000,3500,STANDARD,2017-01-19,61743.798798,18725,0,7.585613,7,626.150000,2020-06-02,06:00,22:00,16
1,700364,NEW BRUNSWICK,NJ,2,40.487000,-74.445000,Y,2392095.660000,3500,STANDARD,2013-07-12,57983.271181,24107,1,8.402106,6,683.460000,2022-07-13,06:00,19:00,19
1,700365,ADRIAN,MI,1,41.899400,-84.044700,Y,4710050.610000,2500,STANDARD,2015-05-12,72312.343876,26799,2,8.902340,4,1884.020000,2024-12-06,08:00,19:00,12
4,700366,VICTORVILLE,CA,4,34.527700,-117.353600,Y,2747444.950000,2500,EXPRESS,2016-12-01,73019.707075,47621,0,6.465549,4,1098.980000,2025-12-23,07:00,19:00,12
5,700367,AURORA,IL,1,41.763800,-88.290200,Y,5834142.300000,3500,FLAGSHIP,2019-08-03,61322.825908,37602,1,6.946405,7,1666.900000,2021-09-22,06:00,22:00,20
5,700368,UNION CITY,GA,3,33.594200,-84.562900,Y,5170492.250000,5000,STANDARD,2011-12-04,68137.899416,40193,0,6.112807,10,1034.100000,,06:00,21:00,22
4,700369,COMPTON,CA,4,33.893000,-118.227400,Y,1392101.610000,3500,STANDARD,2017-11-20,59560.791594,25664,1,8.255146,6,397.740000,2025-08-20,08:00,19:00,19
3,700370,YAZOO CITY,MS,3,32.861900,-90.407500,Y,3579969.760000,5000,STANDARD,2018-04-16,35664.785550,50529,1,7.460820,9,715.990000,2026-10-07,07:00,20:00,23
3,700371,CHOCTAW,OK,4,35.480200,-97.266600,Y,2028807.090000,3500,EXPRESS,2018-07-03,55773.225558,83343,1,7.390722,7,579.660000,2021-04-29,08:00,19:00,15
5,700372,GAGES LAKE,IL,1,42.351900,-87.982800,Y,3203551.950000,3500,STANDARD,2021-06-19,61226.220225,36259,4,6.697916,6,915.300000,2029-07-06,08:00,20:00,15
1,700373,SANFORD,ME,2,43.424400,-70.757300,Y,3439248.570000,5000,STANDARD,2014-12-18,128139.553904,21842,0,8.369000,10,687.850000,2018-10-27,09:00,22:00,21
1,700374,STATEN ISLAND,NY,2,40.583400,-74.149600,Y,2827881.930000,5000,EXPRESS,2019-01-09,85680.927749,36437,5,8.057201,9,565.580000,2026-06-06,06:00,20:00,24
5,700375,OCALA,FL,3,29.178000,-82.151100,Y,1670117.730000,3500,STANDARD,2007-10-01,67267.099320,35669,2,6.729656,6,477.180000,2017-06-02,08:00,21:00,19
1,700376,DUNDALK,MD,3,39.270400,-76.494200,Y,920570.190000,2500,EXPRESS,2022-05-27,50090.630605,30992,1,7.941523,4,368.230000,,07:00,19:00,13
2,700377,MERIDIAN,ID,4,43.611600,-116.397700,Y,6212471.160000,3500,STANDARD,2023-04-07,73877.147027,51693,2,8.033317,6,1774.990000,,07:00,21:00,14
5,700378,ZANESVILLE,OH,1,39.956500,-82.013200,Y,1826777.120000,2500,EXPRESS,2020-07-04,60099.797855,28071,2,6.086523,4,730.710000,2026-09-09,09:00,21:00,11
4,700379,ANAHEIM,CA,4,33.839000,-117.857400,Y,4187703.340000,5000,STANDARD,2016-07-11,77605.154655,83620,1,6.537138,9,837.540000,2021-03-06,09:00,22:00,28
3,700380,JOPLIN,MO,1,37.075700,-94.501800,Y,5028705.450000,5000,STANDARD,2008-07-05,69282.736951,45910,1,8.294527,10,1005.740000,,07:00,21:00,23
3,700381,GREENVILLE,MS,3,33.385000,-91.051400,Y,2133210.940000,5000,STANDARD,2007-11-27,50953.928033,27591,1,7.967378,11,426.640000,,09:00,22:00,27
4,700382,INDIO,CA,4,33.734600,-116.234600,Y,3423315.990000,2500,STANDARD,2023-11-21,67071.789850,68730,3,6.728751,5,1369.330000,2030-06-26,06:00,21:00,11
3,700383,EL RENO,OK,4,35.542900,-97.966000,Y,4008227.530000,3500,STANDARD,2016-12-25,45310.771565,70475,0,6.997451,6,1145.210000,,08:00,19:00,16
5,700384,MCHENRY,IL,1,42.338700,-88.293200,Y,1878976.460000,3500,STANDARD,2012-11-06,53471.923490,52947,2,6.277155,6,536.850000,2022-03-18,06:00,20:00,19
5,700385,MACON,GA,3,32.806500,-83.697400,Y,2574359.420000,5000,OUTLET,2021-05-02,40426.779840,17562,4,6.319239,10,514.870000,2027-01-29,06:00,21:00,25
3,700386,PORT ARTHUR,TX,4,29.855400,-93.926400,Y,1517742.850000,2500,STANDARD,2024-02-05,61571.523799,36261,0,7.150631,4,607.100000,,09:00,22:00,11
1,700387,LIVONIA,MI,1,42.397200,-83.373300,Y,3553762.540000,2500,STANDARD,2007-06-11,59356.273829,49961,1,8.088481,4,1421.510000,2015-01-13,08:00,20:00,11
4,700388,RANCHO CUCAMONGA,CA,4,34.124700,-117.566700,Y,1497925.920000,2500,STANDARD,2015-05-18,78977.172498,102204,1,6.665728,5,599.170000,2022-08-25,07:00,19:00,11
5,700389,ROCK HILL,SC,3,34.941500,-81.024100,Y,4557175.280000,3500,STANDARD,2006-01-28,68685.238707,45852,1,6.763547,7,1302.050000,,09:00,19:00,19
5,700390,NEWNAN,GA,3,33.376700,-84.776100,Y,3968004.500000,5000,STANDARD,2015-06-24,70595.648382,27993,2,5.911210,10,793.600000,2023-11-15,09:00,21:00,23
5,700391,GOLDEN GLADES,FL,3,25.912900,-80.201300,N,1568657.760000,3500,STANDARD,2023-06-09,62865.788592,21243,0,5.378420,6,448.190000,2027-11-30,07:00,19:00,17
4,700392,SALINAS,CA,4,36.688300,-121.631700,Y,1434382.540000,3500,STANDARD,2010-11-28,87647.422025,19871,3,6.846951,6,409.820000,2018-10-21,07:00,21:00,19
4,700393,GLENDALE,AZ,4,33.579100,-112.231100,Y,2940983.560000,5000,FLAGSHIP,2008-03-29,83354.895813,42252,0,6.267025,9,588.200000,2018-03-01,09:00,20:00,21
4,700394,SAN RAFAEL,CA,4,37.990500,-122.522100,Y,3275419.560000,2500,STANDARD,2013-04-26,61115.978015,21384,5,6.843562,5,1310.170000,2022-08-10,08:00,22:00,12
1,700395,ARLINGTON,VA,3,38.878600,-77.101100,Y,3813789.900000,3500,EXPRESS,2021-01-14,52248.658439,71390,0,8.817779,7,1089.650000,2030-05-15,06:00,20:00,16
5,700396,TITUSVILLE,FL,3,28.572700,-80.819300,Y,1532027.320000,3500,STANDARD,2014-10-15,50056.626022,16931,1,6.397595,6,437.720000,,07:00,20:00,16
3,700397,INDEPENDENCE,MO,1,39.087100,-94.350100,Y,2125411.740000,2500,STANDARD,2014-05-05,47843.115550,42326,0,7.695730,4,850.160000,2016-12-29,07:00,19:00,14
5,700398,GREENSBORO,NC,3,36.095600,-79.827100,Y,1731496.630000,2500,STANDARD,2013-05-16,60893.930868,27043,0,6.860814,4,692.600000,2019-03-25,07:00,20:00,12
4,700399,ONTARIO,CA,4,34.039300,-117.606400,Y,1450295.850000,2500,EXPRESS,2019-07-22,62650.785740,54460,2,7.070251,4,580.120000,2025-10-15,06:00,20:00,11
5,700400,WHITEWATER,WI,1,42.837200,-88.734100,Y,1265634.980000,5000,STANDARD,2017-04-01,53333.673507,44685,2,5.278959,11,253.130000,2026-11-29,08:00,20:00,22
3,700401,HURST,TX,4,32.835300,-97.180900,Y,2157441.780000,5000,EXPRESS,2012-03-08,89575.424652,28285,2,7.301800,8,431.490000,2017-11-15,08:00,22:00,26
2,700402,VANCOUVER,WA,4,45.636600,-122.596700,Y,2981127.730000,2500,STANDARD,2005-09-04,73806.264086,37803,1,8.101541,5,1192.450000,2011-07-14,08:00,22:00,10
4,700403,WEST COVINA,CA,4,34.055500,-117.911300,N,5310511.840000,5000,STANDARD,2018-08-18,55710.184124,37903,2,6.226107,10,1062.100000,2024-11-15,06:00,22:00,21
1,700404,TENAFLY,NJ,2,40.917600,-73.953200,Y,941862.590000,3500,OUTLET,2009-12-06,77196.817773,29353,2,7.818924,6,269.100000,,09:00,21:00,17
5,700405,PINELLAS PARK,FL,3,27.858900,-82.707800,Y,2682346.190000,3500,STANDARD,2008-01-05,75058.244908,77527,0,6.148285,6,766.380000,2010-12-07,07:00,22:00,18
4,700406,BAKERSFIELD,CA,4,35.352900,-119.035900,Y,6421520.610000,3500,STANDARD,2019-12-16,106351.184157,42302,3,6.649317,5,1834.720000,2023-06-11,08:00,21:00,14
5,700407,SARASOTA,FL,3,27.338700,-82.543200,Y,2202932.360000,5000,STANDARD,2015-11-25,38136.621760,66349,2,7.528906,9,440.590000,2021-11-29,08:00,20:00,19
3,700408,AURORA,CO,4,39.708300,-104.723700,Y,8266539.500000,5000,STANDARD,2020-08-05,46912.420991,38740,5,8.073518,9,1653.310000,2023-12-21,08:00,20:00,25
2,700409,TACOMA,WA,4,47.243100,-122.453100,Y,1688146.930000,5000,STANDARD,2013-04-10,68935.455624,40738,2,8.565609,10,337.630000,,08:00,22:00,24
3,700410,ALLEN,TX,4,33.108800,-96.673500,Y,3137792.010000,2500,OUTLET,2014-05-17,78873.461623,22460,2,6.479895,4,1255.120000,2017-03-02,08:00,22:00,12
1,700411,YOUNGSTOWN,OH,1,41.099300,-80.646300,Y,3542976.280000,3500,STANDARD,2013-01-26,66095.274471,37024,2,9.063922,6,1012.280000,2022-10-02,06:00,19:00,14
4,700412,NATIONAL CITY,CA,4,32.665400,-117.098300,Y,2958123.670000,2500,FLAGSHIP,2010-01-22,96471.132022,15120,2,7.453956,5,1183.250000,2019-08-22,09:00,19:00,13
5,700413,FINDLAY,OH,1,41.046900,-83.637900,Y,1242031.720000,2500,OUTLET,2007-08-18,61921.352987,43966,2,5.904056,5,496.810000,,08:00,21:00,12
1,700414,BINGHAMTON,NY,2,42.101400,-75.909300,Y,4111699.860000,5000,STANDARD,2020-08-17,57803.231475,46232,1,8.460361,10,822.340000,,09:00,22:00,28
1,700415,MOUNT KISCO,NY,2,41.201600,-73.728100,Y,3502251.450000,5000,STANDARD,2019-01-31,110237.476251,59445,0,7.950431,8,700.450000,2028-08-05,08:00,22:00,22
2,700416,WENATCHEE,WA,4,47.436000,-120.329500,Y,3079139.750000,5000,STANDARD,2013-04-24,50886.542150,25715,2,6.907779,9,615.830000,2020-11-11,07:00,20:00,26
1,700417,SOLON,OH,1,41.386500,-81.440000,Y,4697120.230000,2500,STANDARD,2006-10-17,47376.672951,25672,1,8.550899,5,1878.850000,2014-02-14,07:00,20:00,13
3,700418,FORT WORTH,TX,4,32.781700,-97.347400,Y,9560121.250000,5000,STANDARD,2013-04-25,64005.074881,36844,1,7.747960,7,1912.020000,,06:00,22:00,21
4,700419,SOUTH JORDAN,UT,4,40.557000,-111.978400,Y,2099572.940000,2500,EXPRESS,2017-04-18,87492.374366,19427,4,6.992845,5,839.830000,2026-11-11,07:00,21:00,13
3,700420,MARSHALL,MN,1,44.448800,-95.789700,Y,4108972.830000,2500,OUTLET,2019-12-16,52704.707288,32299,4,7.090266,5,1643.590000,2025-09-17,09:00,21:00,12
3,700421,MCALLEN,TX,4,26.225200,-98.246700,Y,13906564.720000,10000,STANDARD,2017-10-25,67955.384825,13846,2,6.942585,19,1390.660000,2022-02-10,07:00,22:00,44
3,700422,WATERLOO,IA,1,42.491800,-92.352200,Y,2386182.020000,5000,STANDARD,2023-10-28,52973.225895,35764,1,7.304646,10,477.240000,2027-12-20,06:00,19:00,19
2,700423,SANTA CLARA,OR,4,44.115400,-123.134400,Y,1881772.090000,2500,STANDARD,2022-03-07,61375.270889,63970,0,7.871984,5,752.710000,,06:00,20:00,11
4,700424,OREM,UT,4,40.298100,-111.699400,Y,1689598.920000,2500,STANDARD,2021-06-22,82070.838086,41925,0,6.881202,4,675.840000,2029-04-15,06:00,20:00,13
5,700425,HICKORY,NC,3,35.741000,-81.322300,Y,2482722.680000,5000,STANDARD,2017-07-06,70881.456458,38272,2,7.367799,9,496.540000,,09:00,21:00,21
5,700426,BLOOMINGTON,IL,1,40.475700,-88.970300,Y,2354837.090000,5000,STANDARD,2022-05-18,66472.103355,33749,4,6.047548,10,470.970000,,07:00,21:00,25
3,700427,WICHITA,KS,1,37.689500,-97.344300,Y,4209383.860000,5000,STANDARD,2021-07-23,59358.192377,37424,4,7.878292,11,841.880000,,06:00,19:00,30
4,700428,RENO,NV,4,39.549700,-119.848300,Y,6964710.080000,3500,OUTLET,2013-10-14,68561.940841,28427,3,7.195618,5,1989.920000,2022-08-28,06:00,19:00,18
5,700429,CAPE CORAL,FL,3,26.644300,-81.995700,Y,7316339.570000,5000,EXPRESS,2013-11-29,34139.876746,43458,6,6.053612,10,1463.270000,2021-06-02,08:00,22:00,28
5,700430,STUART,FL,3,27.195900,-80.244400,Y,5188548.410000,3500,FLAGSHIP,2012-10-11,62800.052832,53403,4,5.622441,6,1482.440000,2015-10-28,08:00,19:00,16
1,700431,REDLAND,MD,3,39.133900,-77.146400,Y,3650373.850000,2500,STANDARD,2020-04-23,64821.397871,30385,0,8.424690,5,1460.150000,2028-08-17,09:00,20:00,11
3,700432,FREMONT,NE,1,41.439500,-96.487300,Y,859226.030000,3500,EXPRESS,2024-02-04,69804.954223,44084,2,7.199742,7,245.490000,2029-06-04,08:00,22:00,15
5,700433,GREEN BAY,WI,1,44.514800,-87.989500,Y,2988558.750000,2500,EXPRESS,2009-09-10,46549.774639,50545,1,6.338517,4,1195.420000,,09:00,19:00,14
4,700434,SUNNYVALE,CA,4,37.383600,-122.025500,Y,1594657.700000,5000,STANDARD,2016-08-21,84551.785152,13227,4,7.178217,11,318.930000,2019-05-31,07:00,22:00,19
3,700435,WESTMINSTER,CO,4,39.883700,-105.062400,Y,2575353.390000,3500,STANDARD,2009-07-19,38387.454454,17721,2,7.725502,6,735.820000,2012-11-26,08:00,19:00,15
1,700436,WIXOM,MI,1,42.524300,-83.534600,Y,3843859.010000,5000,EXPRESS,2017-08-21,50160.048755,23548,3,7.552219,9,768.770000,2026-11-14,08:00,21:00,23
1,700437,SOUTH PORTLAND,ME,2,43.631000,-70.289500,Y,1471543.870000,5000,EXPRESS,2006-11-07,51954.180984,36058,0,8.114165,11,294.310000,2013-09-30,06:00,22:00,26
2,700438,BEND,OR,4,44.056300,-121.309500,Y,2728317.860000,2500,STANDARD,2013-05-19,67500.338632,63535,2,6.748851,4,1091.330000,2022-11-15,07:00,21:00,11
3,700439,GREELEY,CO,4,40.415200,-104.770600,Y,2399446.200000,5000,STANDARD,2016-12-06,88324.858283,40216,2,7.783056,9,479.890000,2021-04-14,09:00,19:00,25
1,700440,WILLIAMSPORT,PA,2,41.239900,-77.037000,Y,4726959.280000,5000,STANDARD,2021-11-16,85958.421350,50726,2,8.050558,10,945.390000,2025-03-28,08:00,20:00,21
1,700441,LANCASTER,PA,2,40.042000,-76.301200,Y,1873890.870000,2500,STANDARD,2023-06-05,94634.205156,66855,2,8.310427,4,749.560000,2027-03-24,06:00,22:00,12
4,700442,LAWNDALE,CA,4,33.888400,-118.353100,Y,1178409.410000,5000,STANDARD,2017-08-18,84289.703177,23110,2,6.612079,9,235.680000,2023-07-15,08:00,22:00,27
4,700443,SUMMERLIN SOUTH,NV,4,36.124200,-115.332400,Y,1533106.040000,5000,STANDARD,2019-07-25,62112.627674,44679,0,6.151557,8,306.620000,2023-01-23,09:00,21:00,22
5,700444,VININGS,GA,3,33.860800,-84.468600,Y,8442479.260000,5000,STANDARD,2018-11-22,39117.657380,20809,4,6.574547,11,1688.500000,2027-09-04,08:00,21:00,27
3,700445,PLYMOUTH,MN,1,45.022500,-93.461700,Y,1596907.320000,2500,EXPRESS,2013-03-02,39780.383291,32673,0,7.404462,5,638.760000,,07:00,21:00,11
5,700446,PALM BAY,FL,3,27.963100,-80.659300,Y,6945704.250000,2500,STANDARD,2022-06-22,71096.691804,23703,1,5.943466,4,2778.280000,,06:00,19:00,12
4,700447,TWENTYNINE PALMS,CA,4,34.147800,-116.065900,Y,1999498.400000,2500,STANDARD,2013-02-06,81766.891350,75234,5,6.394546,5,799.800000,2016-02-03,06:00,22:00,12
1,700448,LOWELL,MA,2,42.638900,-71.321700,Y,1783733.480000,3500,STANDARD,2023-04-16,95551.828573,36048,2,7.279973,6,509.640000,2032-10-09,07:00,21:00,17
1,700449,WORCESTER,MA,2,42.270500,-71.807900,Y,7553290.510000,5000,STANDARD,2021-09-13,43968.252962,115541,1,8.758680,9,1510.660000,,07:00,21:00,27
1,700450,WALTHAM,MA,2,42.388900,-71.242300,Y,3592989.570000,2500,STANDARD,2024-05-17,105215.627664,49062,1,9.064470,5,1437.200000,2033-10-26,08:00,20:00,9
1,700451,ESSEX,MD,3,39.302100,-76.444900,Y,4278119.070000,5000,STANDARD,2017-01-31,42751.578162,103690,2,8.534254,8,855.620000,2022-07-24,09:00,20:00,24
4,700452,RIALTO,CA,4,34.117500,-117.389200,Y,1425127.100000,5000,EXPRESS,2007-12-27,68109.224310,12886,1,6.295166,10,285.030000,2017-05-19,08:00,21:00,25
3,700453,SACHSE,TX,4,32.972600,-96.579300,Y,3242167.200000,5000,STANDARD,2014-05-30,84308.582522,29317,0,7.082059,10,648.430000,,08:00,21:00,21
3,700454,ANOKA,MN,1,45.209900,-93.389300,Y,4510167.820000,3500,STANDARD,2007-03-29,54165.957995,19964,2,8.305472,7,1288.620000,,08:00,21:00,18
3,700455,MIDWEST CITY,OK,4,35.463000,-97.371000,Y,2879424.770000,2500,STANDARD,2017-04-27,77139.296469,25903,2,8.532055,4,1151.770000,2027-01-23,06:00,20:00,13
4,700456,MARICOPA,AZ,4,33.040800,-112.001100,Y,3088620.650000,5000,STANDARD,2018-09-17,60076.289713,36449,1,6.222801,8,617.720000,,07:00,21:00,24
4,700457,EL MIRAGE,AZ,4,33.590500,-112.327100,Y,1180102.760000,5000,EXPRESS,2009-09-27,64512.269478,18044,0,7.399126,8,236.020000,2019-02-21,08:00,19:00,25
5,700458,MICHIGAN CITY,IN,1,41.709200,-86.869000,Y,1763284.750000,3500,STANDARD,2018-08-21,64719.080557,18279,5,6.388405,7,503.800000,,09:00,20:00,16
5,700459,MURFREESBORO,TN,3,35.849000,-86.412100,Y,7071158.750000,3500,STANDARD,2012-07-17,43498.275345,26976,5,5.476215,8,2020.330000,2021-08-13,06:00,21:00,17
3,700460,BLOOMINGTON,MN,1,44.830600,-93.315100,Y,2589179.910000,5000,STANDARD,2018-05-15,53161.733776,27920,1,6.729171,10,517.840000,2028-04-29,09:00,21:00,25
1,700461,WILLIAMSTOWN,NJ,2,39.687400,-74.978600,Y,1656546.000000,5000,STANDARD,2013-08-16,93674.802046,47446,3,8.261131,8,331.310000,2015-08-22,09:00,20:00,22
1,700462,JAMESTOWN,NY,2,42.097600,-79.236700,Y,1755441.790000,2500,STANDARD,2024-11-27,82632.440706,20015,1,8.042236,5,702.180000,2028-09-11,07:00,22:00,11
3,700463,ST. CLOUD,MN,1,45.534000,-94.171800,Y,3765406.050000,3500,STANDARD,2023-10-17,55797.699050,18200,1,7.855143,6,1075.830000,2029-10-29,07:00,19:00,16
5,700464,CLEARWATER,FL,3,27.979000,-82.762300,Y,4381439.210000,2500,STANDARD,2012-01-19,62819.491316,60471,1,6.324457,5,1752.580000,,09:00,20:00,11
1,700465,NORTH LAUREL,MD,3,39.128500,-76.847600,Y,1596955.670000,5000,STANDARD,2022-10-18,43240.453567,23652,2,8.852128,11,319.390000,2027-01-07,08:00,21:00,23
5,700466,MONROE,NC,3,35.006300,-80.559600,Y,837326.240000,2500,EXPRESS,2009-02-22,73561.042945,45911,1,7.148989,5,334.930000,,07:00,20:00,13
5,700467,MEMPHIS,TN,3,35.108700,-89.966300,N,6289983.290000,7500,OUTLET,2020-04-10,42479.299210,22814,4,6.799785,13,838.660000,2025-05-24,07:00,21:00,39
5,700468,GERMANTOWN,TN,3,35.082900,-89.782400,Y,3401611.920000,2500,STANDARD,2018-11-23,60051.968507,29629,0,5.400674,4,1360.640000,2027-04-23,08:00,19:00,12
2,700469,FORT LEWIS,WA,4,47.095500,-122.567400,Y,2552776.890000,2500,STANDARD,2016-02-16,53661.949471,45465,1,7.190902,4,1021.110000,,06:00,20:00,11
5,700470,COLUMBUS,IN,1,39.209300,-85.918300,Y,3501163.550000,3500,STANDARD,2013-05-02,65857.893071,20725,4,6.497730,5,1000.330000,,06:00,19:00,18
3,700471,ARLINGTON,TX,4,32.699800,-97.125000,Y,4744751.970000,2500,STANDARD,2006-02-28,65312.415317,22155,1,8.141832,5,1897.900000,2011-11-30,07:00,22:00,12
5,700472,LAUREL,FL,3,27.150700,-82.453400,Y,5399965.850000,2500,STANDARD,2005-11-11,41590.965398,65078,1,5.745592,5,2159.990000,2014-12-31,08:00,22:00,13
3,700473,WEST DES MOINES,IA,1,41.552100,-93.780600,N,4560956.110000,5000,STANDARD,2011-01-03,49189.861395,31376,0,8.023312,9,912.190000,2017-07-23,08:00,19:00,28
4,700474,SUNRISE MANOR,NV,4,36.178300,-115.048700,Y,2356524.090000,2500,OUTLET,2019-11-14,57125.206783,25817,2,7.977000,5,942.610000,,09:00,21:00,12
5,700475,DELAND,FL,3,29.022500,-81.287500,Y,2671233.390000,5000,FLAGSHIP,2009-01-01,58068.869458,58985,1,5.927271,7,534.250000,2013-02-10,06:00,19:00,27
3,700476,NORTH MANKATO,MN,1,44.181000,-94.039100,Y,1783301.760000,2500,EXPRESS,2009-11-04,45201.005078,44509,2,7.321786,5,713.320000,,07:00,22:00,13
3,700477,FORT CARSON,CO,4,38.709500,-104.772000,Y,804406.950000,3500,EXPRESS,2012-12-02,82994.692626,29267,2,6.750840,6,229.830000,,06:00,22:00,17
5,700478,BROOKHAVEN,GA,3,33.874300,-84.331400,Y,4630306.530000,2500,STANDARD,2008-02-01,39165.695489,17424,3,7.322965,5,1852.120000,,07:00,22:00,12
5,700479,APOPKA,FL,3,28.701500,-81.531600,Y,1515689.590000,5000,OUTLET,2015-08-11,74259.371919,38373,2,5.812836,9,303.140000,2024-06-19,07:00,19:00,22
5,700480,RED BANK,SC,3,33.930900,-81.232200,Y,2021554.820000,5000,STANDARD,2014-10-22,35191.259961,40219,2,7.155856,9,404.310000,2022-12-15,06:00,19:00,27
2,700481,LAKEWOOD,WA,4,47.162800,-122.529900,Y,2161922.770000,3500,STANDARD,2005-09-06,74642.580253,24947,4,7.096362,6,617.690000,,06:00,21:00,17
5,700482,LAND O' LAKES,FL,3,28.207500,-82.447600,Y,5284935.270000,3500,STANDARD,2018-05-23,39260.787845,33301,2,6.753510,6,1509.980000,,07:00,20:00,15
4,700483,QUEEN CREEK,AZ,4,33.245400,-111.617300,Y,1803070.510000,2500,STANDARD,2009-08-14,73637.050914,69840,0,6.886233,5,721.230000,,08:00,19:00,11
1,700484,ST. CLAIR SHORES,MI,1,42.492500,-82.896100,Y,1408988.440000,3500,EXPRESS,2016-05-03,46197.965240,53674,2,7.452822,7,402.570000,,07:00,20:00,20
2,700485,ORCHARDS,WA,4,45.689000,-122.530600,Y,2717999.550000,3500,STANDARD,2005-07-19,57436.146189,15815,3,7.260900,6,776.570000,,06:00,22:00,19
4,700486,SANTA FE SPRINGS,CA,4,33.932900,-118.062500,Y,1512084.740000,3500,EXPRESS,2018-12-12,64150.870105,32396,4,7.330112,6,432.020000,,07:00,21:00,20
1,700487,LODI,NJ,2,40.878400,-74.081400,Y,2452135.510000,2500,FLAGSHIP,2015-09-21,79511.380846,85338,2,7.948243,4,980.850000,2022-10-18,09:00,19:00,13
1,700488,ANNANDALE,VA,3,38.832400,-77.196000,Y,1414149.280000,3500,EXPRESS,2016-03-24,32743.248788,26664,2,9.222359,6,404.040000,2018-09-29,08:00,19:00,19
4,700489,DIXON,CA,4,38.446900,-121.825000,Y,2045195.430000,3500,STANDARD,2009-08-17,70660.281947,30337,4,7.081174,7,584.340000,2017-05-16,07:00,22:00,15
5,700490,CARMEL,IN,1,39.965000,-86.146000,Y,1734824.080000,3500,STANDARD,2006-03-13,66230.209056,39709,3,6.493921,5,495.660000,,06:00,19:00,16
1,700491,GRAHAM,NC,3,36.058900,-79.389400,Y,3042066.500000,3500,STANDARD,2023-09-24,64449.983791,39677,0,8.683300,6,869.160000,,09:00,22:00,15
4,700492,ROSEVILLE,CA,4,38.770300,-121.319600,Y,1941389.740000,3500,EXPRESS,2011-09-01,62452.000323,39608,2,6.914764,7,554.680000,,09:00,20:00,20
4,700493,ENCINITAS,CA,4,33.049200,-117.261000,Y,2337496.150000,5000,STANDARD,2009-09-06,73932.858381,22809,0,7.101689,9,467.500000,2017-11-30,08:00,20:00,23
5,700494,WOODRIDGE,IL,1,41.737000,-88.040900,Y,4902319.960000,2500,STANDARD,2006-09-09,55551.546029,11334,1,7.102379,5,1960.930000,2013-10-14,08:00,19:00,9
4,700495,LANCASTER,CA,4,34.693500,-118.175300,Y,2744768.710000,5000,STANDARD,2010-03-17,40684.344758,38474,1,6.913004,8,548.950000,2012-12-14,06:00,21:00,25
4,700496,CARMICHAEL,CA,4,38.631800,-121.326300,N,1741954.000000,2500,EXPRESS,2008-12-28,72389.869327,59039,0,6.401583,5,696.780000,2012-11-13,09:00,20:00,12
3,700497,ENID,OK,4,36.406300,-97.870000,Y,4462865.990000,2500,STANDARD,2015-08-10,43310.747146,29200,0,6.802052,4,1785.150000,,08:00,20:00,9
5,700498,APPLETON,WI,1,44.278000,-88.389200,Y,2490364.230000,2500,STANDARD,2024-07-04,60081.975274,17403,2,7.130455,4,996.150000,2027-01-03,07:00,19:00,13
4,700499,MILLCREEK,UT,4,40.689200,-111.829200,Y,3343531.360000,3500,STANDARD,2024-06-11,45254.012727,61008,2,7.143176,7,955.290000,,09:00,22:00,11
